{
  "ETTh1": {
    "mask_125": {
      "MSE": 0.09674453586339951,
      "MAE": 0.21815732419490813,
      "best_ep": 4
    },
    "mask_250": {
      "MSE": 0.10262058998147647,
      "MAE": 0.22361599206924437,
      "best_ep": 2
    },
    "mask_375": {
      "MSE": 0.10906247993310293,
      "MAE": 0.23022015492121378,
      "best_ep": 2
    },
    "mask_500": {
      "MSE": 0.12189913839101792,
      "MAE": 0.24350800961256028,
      "best_ep": 3
    },
    "avg": {
      "MSE": 0.1075816860422492,
      "MAE": 0.22887537019948165
    }
  },
  "ETTh2": {
    "mask_125": {
      "MSE": 0.053846813986698785,
      "MAE": 0.1470527708530426,
      "best_ep": 4
    },
    "mask_250": {
      "MSE": 0.05427067590256532,
      "MAE": 0.14710065722465515,
      "best_ep": 1
    },
    "mask_375": {
      "MSE": 0.05536814692119758,
      "MAE": 0.14847030291954677,
      "best_ep": 2
    },
    "mask_500": {
      "MSE": 0.05582646392285824,
      "MAE": 0.15187265525261562,
      "best_ep": 0
    },
    "avg": {
      "MSE": 0.05482802518332998,
      "MAE": 0.14862409656246503
    }
  },
  "ETTm1": {
    "mask_125": {
      "MSE": 0.051647768914699556,
      "MAE": 0.1414571409424146,
      "best_ep": 0
    },
    "mask_250": {
      "MSE": 0.048537238190571465,
      "MAE": 0.1403841589887937,
      "best_ep": 2
    },
    "mask_375": {
      "MSE": 0.05465721227228641,
      "MAE": 0.14712697913249334,
      "best_ep": 0
    },
    "mask_500": {
      "MSE": 0.05755733177065849,
      "MAE": 0.1516086240609487,
      "best_ep": 1
    },
    "avg": {
      "MSE": 0.05309988778705398,
      "MAE": 0.1451442257811626
    }
  },
  "ETTm2": {
    "mask_125": {
      "MSE": 0.032248484529554845,
      "MAE": 0.10850261275966962,
      "best_ep": 2
    },
    "mask_250": {
      "MSE": 0.03301682813713948,
      "MAE": 0.1087044728298982,
      "best_ep": 1
    },
    "mask_375": {
      "MSE": 0.034825421993931134,
      "MAE": 0.11147301668922106,
      "best_ep": 1
    },
    "mask_500": {
      "MSE": 0.03733244811495145,
      "MAE": 0.11508579229315122,
      "best_ep": 3
    },
    "avg": {
      "MSE": 0.03435579569389423,
      "MAE": 0.11094147364298501
    }
  },
  "Weather": {
    "mask_125": {
      "MSE": 0.0726922370493412,
      "MAE": 0.07133327511449655,
      "best_ep": 3
    },
    "mask_250": {
      "MSE": 0.07302669472992421,
      "MAE": 0.07104689640303453,
      "best_ep": 1
    },
    "mask_375": {
      "MSE": 0.07875255905091763,
      "MAE": 0.07421845421195031,
      "best_ep": 4
    },
    "mask_500": {
      "MSE": 0.06939287011822065,
      "MAE": 0.07345057055354118,
      "best_ep": 2
    },
    "avg": {
      "MSE": 0.07346609023710093,
      "MAE": 0.07251229907075564
    }
  },
  "overall": {
    "MSE": 0.06466629698872567,
    "MAE": 0.14121949305137
  }
}