{
  "Yearly": {
    "sMAPE": 21.474201202392578,
    "n_series": 3000,
    "horizon": 6,
    "ft_windows": 551,
    "val_smape_pre": 22.398942947387695,
    "val_smape_post": 22.398942947387695,
    "best_epoch": -1
  },
  "Quarterly": {
    "sMAPE": 12.126333236694336,
    "n_series": 3000,
    "horizon": 8,
    "ft_windows": 10908,
    "val_smape_pre": 16.597959518432617,
    "val_smape_post": 13.084648132324219,
    "best_epoch": 0
  },
  "Monthly": {
    "sMAPE": 8.759905815124512,
    "n_series": 3000,
    "horizon": 18,
    "ft_windows": 17483,
    "val_smape_pre": 8.765134811401367,
    "val_smape_post": 8.403800010681152,
    "best_epoch": 0
  },
  "Weekly": {
    "sMAPE": 14.048833847045898,
    "n_series": 359,
    "horizon": 13,
    "ft_windows": 2032,
    "val_smape_pre": 16.32617950439453,
    "val_smape_post": 16.222572326660156,
    "best_epoch": 0
  },
  "Daily": {
    "sMAPE": 3.8063580989837646,
    "n_series": 3000,
    "horizon": 14,
    "ft_windows": 19863,
    "val_smape_pre": 4.159314155578613,
    "val_smape_post": 3.803577184677124,
    "best_epoch": 0
  },
  "Hourly": {
    "sMAPE": 16.244691848754883,
    "n_series": 414,
    "horizon": 48,
    "ft_windows": 2912,
    "val_smape_pre": 16.75823211669922,
    "val_smape_post": 16.3172607421875,
    "best_epoch": 1
  },
  "Average": 12.743387341499329
}