{
  "ETTh1": {
    "mask_125": {
      "MSE": 0.17459379633267721,
      "MAE": 0.30139838556448617,
      "best_ep": 1
    },
    "mask_250": {
      "MSE": 0.18706698417663575,
      "MAE": 0.30726574659347533,
      "best_ep": 1
    },
    "mask_375": {
      "MSE": 0.19098081886768342,
      "MAE": 0.313502299785614,
      "best_ep": 1
    },
    "mask_500": {
      "MSE": 0.20335784604152043,
      "MAE": 0.3220802386601766,
      "best_ep": 0
    },
    "avg": {
      "MSE": 0.1889998613546292,
      "MAE": 0.31106166765093807
    }
  },
  "ETTh2": {
    "mask_125": {
      "MSE": 0.06864591551323732,
      "MAE": 0.17432339489459991,
      "best_ep": 2
    },
    "mask_250": {
      "MSE": 0.07006939500570297,
      "MAE": 0.1771901935338974,
      "best_ep": 2
    },
    "mask_375": {
      "MSE": 0.07123250104486942,
      "MAE": 0.17821884502967197,
      "best_ep": 1
    },
    "mask_500": {
      "MSE": 0.07251519225537777,
      "MAE": 0.18097343643506367,
      "best_ep": 1
    },
    "avg": {
      "MSE": 0.07061575095479687,
      "MAE": 0.17767646747330826
    }
  },
  "ETTm1": {
    "mask_125": {
      "MSE": 0.07241547877589861,
      "MAE": 0.17877072195212046,
      "best_ep": 2
    },
    "mask_250": {
      "MSE": 0.0743177363028129,
      "MAE": 0.18196291426817576,
      "best_ep": 1
    },
    "mask_375": {
      "MSE": 0.07516009074946245,
      "MAE": 0.1855349898338318,
      "best_ep": 1
    },
    "mask_500": {
      "MSE": 0.08223103036483129,
      "MAE": 0.19594773550828298,
      "best_ep": 0
    },
    "avg": {
      "MSE": 0.07603108404825132,
      "MAE": 0.18555409039060272
    }
  },
  "ETTm2": {
    "mask_125": {
      "MSE": 0.04369812620182832,
      "MAE": 0.13732125634948414,
      "best_ep": 0
    },
    "mask_250": {
      "MSE": 0.04369871454934279,
      "MAE": 0.13746434623996417,
      "best_ep": 0
    },
    "mask_375": {
      "MSE": 0.044393604000409446,
      "MAE": 0.1366758242249489,
      "best_ep": 2
    },
    "mask_500": {
      "MSE": 0.04626169987022877,
      "MAE": 0.14093049814303715,
      "best_ep": 1
    },
    "avg": {
      "MSE": 0.04451303615545233,
      "MAE": 0.13809798123935857
    }
  },
  "Weather": {
    "mask_125": {
      "MSE": 0.09030851523081461,
      "MAE": 0.09598548884193102,
      "best_ep": 0
    },
    "mask_250": {
      "MSE": 0.09024994721015295,
      "MAE": 0.09435564105709394,
      "best_ep": 0
    },
    "mask_375": {
      "MSE": 0.08441809465487798,
      "MAE": 0.09165914729237556,
      "best_ep": 1
    },
    "mask_500": {
      "MSE": 0.09449900401135286,
      "MAE": 0.09852516427636146,
      "best_ep": 0
    },
    "avg": {
      "MSE": 0.0898688902767996,
      "MAE": 0.0951313603669405
    }
  },
  "overall": {
    "MSE": 0.09400572455798586,
    "MAE": 0.18150431342422962
  }
}