{
  "ETTh1": {
    "mask_125": {
      "MSE": 0.09237509841720264,
      "MAE": 0.2149827907482783,
      "best_ep": 2
    },
    "mask_250": {
      "MSE": 0.1032375767827034,
      "MAE": 0.2242405225833257,
      "best_ep": 0
    },
    "mask_375": {
      "MSE": 0.11761775140961012,
      "MAE": 0.23496320843696594,
      "best_ep": 2
    },
    "mask_500": {
      "MSE": 0.12350169147054355,
      "MAE": 0.24761329690615336,
      "best_ep": 0
    },
    "avg": {
      "MSE": 0.10918302952001493,
      "MAE": 0.23044995466868085
    }
  },
  "ETTh2": {
    "mask_125": {
      "MSE": 0.053025998547673224,
      "MAE": 0.14374173482259114,
      "best_ep": 1
    },
    "mask_250": {
      "MSE": 0.05378579534590244,
      "MAE": 0.14506679326295852,
      "best_ep": 2
    },
    "mask_375": {
      "MSE": 0.05690677886207898,
      "MAE": 0.1506048301855723,
      "best_ep": 2
    },
    "mask_500": {
      "MSE": 0.059166648611426356,
      "MAE": 0.15494803637266158,
      "best_ep": 0
    },
    "avg": {
      "MSE": 0.05572130534177025,
      "MAE": 0.1485903486609459
    }
  },
  "ETTm1": {
    "mask_125": {
      "MSE": 0.04879358125229676,
      "MAE": 0.13921660110354422,
      "best_ep": 2
    },
    "mask_250": {
      "MSE": 0.05144232325255871,
      "MAE": 0.14010122766097385,
      "best_ep": 2
    },
    "mask_375": {
      "MSE": 0.0500617532680432,
      "MAE": 0.14220638970534008,
      "best_ep": 1
    },
    "mask_500": {
      "MSE": 0.05766504555940628,
      "MAE": 0.15099140604337055,
      "best_ep": 2
    },
    "avg": {
      "MSE": 0.05199067583307623,
      "MAE": 0.14312890612830717
    }
  },
  "ETTm2": {
    "mask_125": {
      "MSE": 0.03076419581969579,
      "MAE": 0.10698805699745814,
      "best_ep": 1
    },
    "mask_250": {
      "MSE": 0.03265915177762509,
      "MAE": 0.10826109250386556,
      "best_ep": 2
    },
    "mask_375": {
      "MSE": 0.034379744157195094,
      "MAE": 0.11169197559356689,
      "best_ep": 0
    },
    "mask_500": {
      "MSE": 0.037173847171167534,
      "MAE": 0.11463779384891191,
      "best_ep": 0
    },
    "avg": {
      "MSE": 0.03374423473142088,
      "MAE": 0.11039472973595063
    }
  },
  "Weather": {
    "mask_125": {
      "MSE": 0.06648114851365487,
      "MAE": 0.07042701294024785,
      "best_ep": 1
    },
    "mask_250": {
      "MSE": 0.0744811893751224,
      "MAE": 0.07164866924285888,
      "best_ep": 0
    },
    "mask_375": {
      "MSE": 0.07477900385856628,
      "MAE": 0.072897070646286,
      "best_ep": 2
    },
    "mask_500": {
      "MSE": 0.07683709686001142,
      "MAE": 0.07468303640683492,
      "best_ep": 2
    },
    "avg": {
      "MSE": 0.07314460965183875,
      "MAE": 0.07241394730905691
    }
  },
  "overall": {
    "MSE": 0.06475677101562421,
    "MAE": 0.1409955773005883
  }
}