{
  "ETTh1": {
    "mask_125": {
      "MSE": 0.17456673284371693,
      "MAE": 0.304084058602651,
      "best_ep": 2
    },
    "mask_250": {
      "MSE": 0.17829896410306295,
      "MAE": 0.30581916868686676,
      "best_ep": 3
    },
    "mask_375": {
      "MSE": 0.20063547194004058,
      "MAE": 0.32053046226501464,
      "best_ep": 0
    },
    "mask_500": {
      "MSE": 0.20742809325456618,
      "MAE": 0.3273666669925054,
      "best_ep": 0
    },
    "avg": {
      "MSE": 0.19023231553534664,
      "MAE": 0.3144500891367594
    }
  },
  "ETTh2": {
    "mask_125": {
      "MSE": 0.0706165333588918,
      "MAE": 0.1761488363146782,
      "best_ep": 2
    },
    "mask_250": {
      "MSE": 0.07008597031235694,
      "MAE": 0.1759216104944547,
      "best_ep": 3
    },
    "mask_375": {
      "MSE": 0.07287524143854777,
      "MAE": 0.18030591060717902,
      "best_ep": 3
    },
    "mask_500": {
      "MSE": 0.07353096554676691,
      "MAE": 0.1825818881392479,
      "best_ep": 3
    },
    "avg": {
      "MSE": 0.07177717766414086,
      "MAE": 0.17873956138888997
    }
  },
  "ETTm1": {
    "mask_125": {
      "MSE": 0.07259513549506665,
      "MAE": 0.1796328549583753,
      "best_ep": 3
    },
    "mask_250": {
      "MSE": 0.07415368085106214,
      "MAE": 0.18334998041391373,
      "best_ep": 2
    },
    "mask_375": {
      "MSE": 0.07858873208363851,
      "MAE": 0.1866195370753606,
      "best_ep": 1
    },
    "mask_500": {
      "MSE": 0.08126621221502622,
      "MAE": 0.19238535712162655,
      "best_ep": 3
    },
    "avg": {
      "MSE": 0.07665094016119839,
      "MAE": 0.18549693239231904
    }
  },
  "ETTm2": {
    "mask_125": {
      "MSE": 0.04335254604617755,
      "MAE": 0.135501483331124,
      "best_ep": 3
    },
    "mask_250": {
      "MSE": 0.04319430217146873,
      "MAE": 0.13578734969099363,
      "best_ep": 4
    },
    "mask_375": {
      "MSE": 0.04423209019005299,
      "MAE": 0.1369426225622495,
      "best_ep": 1
    },
    "mask_500": {
      "MSE": 0.0473413190493981,
      "MAE": 0.14161980946858724,
      "best_ep": 4
    },
    "avg": {
      "MSE": 0.04453006436427434,
      "MAE": 0.13746281626323859
    }
  },
  "Weather": {
    "mask_125": {
      "MSE": 0.08375644125044346,
      "MAE": 0.09163563971718153,
      "best_ep": 4
    },
    "mask_250": {
      "MSE": 0.08835504353046417,
      "MAE": 0.09177641024192175,
      "best_ep": 4
    },
    "mask_375": {
      "MSE": 0.10108749692638715,
      "MAE": 0.09629209463795026,
      "best_ep": 4
    },
    "mask_500": {
      "MSE": 0.09557395229736963,
      "MAE": 0.09887388423085212,
      "best_ep": 0
    },
    "avg": {
      "MSE": 0.09219323350116611,
      "MAE": 0.09464450720697641
    }
  },
  "overall": {
    "MSE": 0.09507674624522525,
    "MAE": 0.18215878127763668
  }
}