{
  "ETTh1_96": {
    "MSE": 0.4337030730950728,
    "MAE": 0.4430956039021443
  },
  "ETTh1_192": {
    "MSE": 0.46242485080600776,
    "MAE": 0.4630484810171921
  },
  "ETTh1_336": {
    "MSE": 0.4750377351531492,
    "MAE": 0.47249269971541785
  },
  "ETTh1_720": {
    "MSE": 0.5033333604448857,
    "MAE": 0.4968332450081292
  },
  "ETTh2_96": {
    "MSE": 0.3216007655665526,
    "MAE": 0.37297880156806357
  },
  "ETTh2_192": {
    "MSE": 0.3759058047836386,
    "MAE": 0.4080345068004257
  },
  "ETTh2_336": {
    "MSE": 0.388637450105173,
    "MAE": 0.42042892074701277
  },
  "ETTh2_720": {
    "MSE": 0.4229056081802374,
    "MAE": 0.4518392560416845
  },
  "ETTm1_96": {
    "MSE": 0.44599056938065357,
    "MAE": 0.43572944991815404
  },
  "ETTm1_192": {
    "MSE": 0.479287001286755,
    "MAE": 0.454635665453756
  },
  "ETTm1_336": {
    "MSE": 0.5050381688543562,
    "MAE": 0.4704442142643759
  },
  "ETTm1_720": {
    "MSE": 0.5522908892684278,
    "MAE": 0.4977848610956161
  },
  "ETTm2_96": {
    "MSE": 0.21406638749994322,
    "MAE": 0.2951048384915695
  },
  "ETTm2_192": {
    "MSE": 0.28024705823288987,
    "MAE": 0.3350034947419558
  },
  "ETTm2_336": {
    "MSE": 0.33311379802844854,
    "MAE": 0.3679636176437767
  },
  "ETTm2_720": {
    "MSE": 0.41036860530773905,
    "MAE": 0.41800870657354156
  },
  "Weather_96": {
    "MSE": 0.20192253127064747,
    "MAE": 0.25750917429733694
  },
  "Weather_192": {
    "MSE": 0.26017299858570914,
    "MAE": 0.30382932436920257
  },
  "Weather_336": {
    "MSE": 0.3239815211153269,
    "MAE": 0.3466009764785273
  },
  "Weather_720": {
    "MSE": 0.39313205054852196,
    "MAE": 0.3887618959468227
  },
  "ETTh1_avg": {
    "MSE": 0.4686247548747789,
    "MAE": 0.46886750741072086
  },
  "ETTh2_avg": {
    "MSE": 0.3772624071589004,
    "MAE": 0.41332037128929666
  },
  "ETTm1_avg": {
    "MSE": 0.4956516571975481,
    "MAE": 0.46464854768297553
  },
  "ETTm2_avg": {
    "MSE": 0.30944896226725516,
    "MAE": 0.3540201643627109
  },
  "Weather_avg": {
    "MSE": 0.2948022753800513,
    "MAE": 0.3241753427729724
  },
  "overall_avg": {
    "MSE": 0.3891580113757068,
    "MAE": 0.4050063867037353
  }
}