{
  "ETTh1_96": {
    "MSE": 0.43687330260020274,
    "MAE": 0.4437634460044715
  },
  "ETTh1_192": {
    "MSE": 0.46434144356879625,
    "MAE": 0.4616988183449002
  },
  "ETTh1_336": {
    "MSE": 0.479589496736916,
    "MAE": 0.4724611091324707
  },
  "ETTh1_720": {
    "MSE": 0.4984558312620024,
    "MAE": 0.495001067250205
  },
  "ETTh2_96": {
    "MSE": 0.3190785158250772,
    "MAE": 0.371724358187831
  },
  "ETTh2_192": {
    "MSE": 0.37609040330838495,
    "MAE": 0.4076635255864317
  },
  "ETTh2_336": {
    "MSE": 0.39056814979411714,
    "MAE": 0.4215442886172767
  },
  "ETTh2_720": {
    "MSE": 0.42171880125477557,
    "MAE": 0.45170224960636685
  },
  "ETTm1_96": {
    "MSE": 0.44214569033945494,
    "MAE": 0.4363840383615246
  },
  "ETTm1_192": {
    "MSE": 0.4786389208283377,
    "MAE": 0.4573855203775962
  },
  "ETTm1_336": {
    "MSE": 0.5064422317190311,
    "MAE": 0.4746401976757412
  },
  "ETTm1_720": {
    "MSE": 0.5571395038615441,
    "MAE": 0.5014589611801228
  },
  "ETTm2_96": {
    "MSE": 0.21790450575793874,
    "MAE": 0.29805727631465456
  },
  "ETTm2_192": {
    "MSE": 0.2861748075028758,
    "MAE": 0.33923850828319996
  },
  "ETTm2_336": {
    "MSE": 0.3353345795738201,
    "MAE": 0.3698454232454477
  },
  "ETTm2_720": {
    "MSE": 0.4122902518757495,
    "MAE": 0.4194524753321657
  },
  "Weather_96": {
    "MSE": 0.2025308171170343,
    "MAE": 0.26054313815278046
  },
  "Weather_192": {
    "MSE": 0.2662804002188038,
    "MAE": 0.30967116130254446
  },
  "Weather_336": {
    "MSE": 0.32845268283775586,
    "MAE": 0.3490421071700353
  },
  "Weather_720": {
    "MSE": 0.39566430802487745,
    "MAE": 0.3900208722729115
  },
  "ETTh1_avg": {
    "MSE": 0.4698150185419793,
    "MAE": 0.46823111018301183
  },
  "ETTh2_avg": {
    "MSE": 0.3768639675455887,
    "MAE": 0.4131586054994766
  },
  "ETTm1_avg": {
    "MSE": 0.49609158668709197,
    "MAE": 0.4674671793987462
  },
  "ETTm2_avg": {
    "MSE": 0.31292603617759607,
    "MAE": 0.35664842079386694
  },
  "Weather_avg": {
    "MSE": 0.29823205204961784,
    "MAE": 0.32731931972456796
  },
  "overall_avg": {
    "MSE": 0.39078573220037477,
    "MAE": 0.4065649271199339
  }
}