{
  "ETTh1": {
    "mask_125": {
      "MSE": 0.2712871427071236,
      "MAE": 0.37205039223744757
    },
    "mask_250": {
      "MSE": 0.24273558663470404,
      "MAE": 0.3509066105598495
    },
    "mask_375": {
      "MSE": 0.23891019967517682,
      "MAE": 0.34511413726778256
    },
    "mask_500": {
      "MSE": 0.27167374826967716,
      "MAE": 0.3658053408066432
    },
    "avg": {
      "MSE": 0.25615166932167044,
      "MAE": 0.35846912021793076
    }
  },
  "ETTh2": {
    "mask_125": {
      "MSE": 0.08979690892156214,
      "MAE": 0.2035809401422739
    },
    "mask_250": {
      "MSE": 0.08231536598122191,
      "MAE": 0.19236620561707587
    },
    "mask_375": {
      "MSE": 0.08259176143688993,
      "MAE": 0.19203438785459315
    },
    "mask_500": {
      "MSE": 0.08628850232233248,
      "MAE": 0.19791842145579203
    },
    "avg": {
      "MSE": 0.08524813466550162,
      "MAE": 0.19647498876743374
    }
  },
  "ETTm1": {
    "mask_125": {
      "MSE": 0.16340967880650645,
      "MAE": 0.2746997957250902
    },
    "mask_250": {
      "MSE": 0.10454489370098426,
      "MAE": 0.22857638913251105
    },
    "mask_375": {
      "MSE": 0.09873916867543898,
      "MAE": 0.21887409110509215
    },
    "mask_500": {
      "MSE": 0.10402208099673901,
      "MAE": 0.22357164587648143
    },
    "avg": {
      "MSE": 0.11767895554491717,
      "MAE": 0.2364304804597937
    }
  },
  "ETTm2": {
    "mask_125": {
      "MSE": 0.06562366932852283,
      "MAE": 0.1741842691387449
    },
    "mask_250": {
      "MSE": 0.05550925764033482,
      "MAE": 0.15586640870287305
    },
    "mask_375": {
      "MSE": 0.052517488688629654,
      "MAE": 0.15036875951503004
    },
    "mask_500": {
      "MSE": 0.0568068785105078,
      "MAE": 0.15788172174777304
    },
    "avg": {
      "MSE": 0.057614323541998774,
      "MAE": 0.15957528977610524
    }
  },
  "Weather": {
    "mask_125": {
      "MSE": 0.12840883345572424,
      "MAE": 0.15194482144914448
    },
    "mask_250": {
      "MSE": 0.10901340832229864,
      "MAE": 0.11584342963963984
    },
    "mask_375": {
      "MSE": 0.10180903899835111,
      "MAE": 0.10750643425428914
    },
    "mask_500": {
      "MSE": 0.10605135748166561,
      "MAE": 0.11759451861153283
    },
    "avg": {
      "MSE": 0.1113206595645099,
      "MAE": 0.12322230098865158
    }
  },
  "overall_avg": {
    "MSE": 0.12560274852771958,
    "MAE": 0.21483443604198302
  }
}