{
  "ETTh1": {
    "bias_sq": 0.024600334465503693,
    "variance": 0.014166273176670074,
    "mse": 0.03876660764217377,
    "bias_frac": 0.634575366973877
  },
  "ETTh2": {
    "bias_sq": 0.22957144677639008,
    "variance": 0.08334176987409592,
    "mse": 0.3129132390022278,
    "bias_frac": 0.733658492565155
  },
  "ETTm1": {
    "bias_sq": 0.01657353900372982,
    "variance": 0.003568788291886449,
    "mse": 0.02014232613146305,
    "bias_frac": 0.8228214979171753
  },
  "ETTm2": {
    "bias_sq": 0.07761941850185394,
    "variance": 0.014296402223408222,
    "mse": 0.09191581606864929,
    "bias_frac": 0.8444620370864868
  },
  "Weather": {
    "bias_sq": 0.0010078581981360912,
    "variance": 8.155419345712289e-05,
    "mse": 0.0010894123697653413,
    "bias_frac": 0.925139307975769
  }
}