{
  "ETTh1": {
    "mask_125": {
      "MSE": 0.3557866595241995,
      "MAE": 0.4358997945274625
    },
    "mask_250": {
      "MSE": 0.2686833933439283,
      "MAE": 0.3734361935939108
    },
    "mask_375": {
      "MSE": 0.2597676207976682,
      "MAE": 0.3596196649330003
    },
    "mask_500": {
      "MSE": 0.2871724808854716,
      "MAE": 0.37676059497254233
    },
    "avg": {
      "MSE": 0.2928525386378169,
      "MAE": 0.386429062006729
    }
  },
  "ETTh2": {
    "mask_125": {
      "MSE": 0.10503457017642047,
      "MAE": 0.2253259951692252
    },
    "mask_250": {
      "MSE": 0.09774649968437318,
      "MAE": 0.21466649318380016
    },
    "mask_375": {
      "MSE": 0.0948711849150381,
      "MAE": 0.20929971658402965
    },
    "mask_500": {
      "MSE": 0.09595548148222623,
      "MAE": 0.20985152448217073
    },
    "avg": {
      "MSE": 0.09840193406451449,
      "MAE": 0.21478593235480642
    }
  },
  "ETTm1": {
    "mask_125": {
      "MSE": 0.8439181940829648,
      "MAE": 0.5601841506149088
    },
    "mask_250": {
      "MSE": 0.22597469746445617,
      "MAE": 0.3058937090315989
    },
    "mask_375": {
      "MSE": 0.11909773181236925,
      "MAE": 0.24445276998338245
    },
    "mask_500": {
      "MSE": 0.1269118577131026,
      "MAE": 0.2524722886582216
    },
    "avg": {
      "MSE": 0.32897562026822313,
      "MAE": 0.34075072957202795
    }
  },
  "ETTm2": {
    "mask_125": {
      "MSE": 0.06662944655621512,
      "MAE": 0.18197298035735177
    },
    "mask_250": {
      "MSE": 0.057366730828237324,
      "MAE": 0.16550470292568206
    },
    "mask_375": {
      "MSE": 0.0587430375794481,
      "MAE": 0.16581615420679252
    },
    "mask_500": {
      "MSE": 0.06759690255636261,
      "MAE": 0.1779232243342059
    },
    "avg": {
      "MSE": 0.0625840293800658,
      "MAE": 0.17280426545600808
    }
  },
  "Weather": {
    "mask_125": {
      "MSE": 0.12950033425871274,
      "MAE": 0.15066856245347668
    },
    "mask_250": {
      "MSE": 0.11768008436716224,
      "MAE": 0.13328367357423146
    },
    "mask_375": {
      "MSE": 0.11268365510632787,
      "MAE": 0.12731533189274608
    },
    "mask_500": {
      "MSE": 0.12181854884293566,
      "MAE": 0.13907875825118807
    },
    "avg": {
      "MSE": 0.12042065564378462,
      "MAE": 0.13758658154291056
    }
  },
  "overall_avg": {
    "MSE": 0.180646955598881,
    "MAE": 0.2504713141864964
  }
}