{
  "ETTh1_96": {
    "MSE": 0.40408898153502254,
    "MAE": 0.42996889360407436
  },
  "ETTh1_192": {
    "MSE": 0.43954023371832124,
    "MAE": 0.4509479813483218
  },
  "ETTh1_336": {
    "MSE": 0.46141991967974727,
    "MAE": 0.46322246379039184
  },
  "ETTh1_720": {
    "MSE": 0.4963115642785587,
    "MAE": 0.49177130971204436
  },
  "ETTh2_96": {
    "MSE": 0.31306186569076716,
    "MAE": 0.36533763952104015
  },
  "ETTh2_192": {
    "MSE": 0.3753437199066719,
    "MAE": 0.40311515235871803
  },
  "ETTh2_336": {
    "MSE": 0.3922343638374239,
    "MAE": 0.4178016211202436
  },
  "ETTh2_720": {
    "MSE": 0.42276198928374936,
    "MAE": 0.44971623980566483
  },
  "ETTm1_96": {
    "MSE": 0.38408014972306703,
    "MAE": 0.3914699218092358
  },
  "ETTm1_192": {
    "MSE": 0.4278185414772951,
    "MAE": 0.4130887537378234
  },
  "ETTm1_336": {
    "MSE": 0.45965952701186813,
    "MAE": 0.4298555323506936
  },
  "ETTm1_720": {
    "MSE": 0.49710757492218693,
    "MAE": 0.4540874819937484
  },
  "ETTm2_96": {
    "MSE": 0.20001861673451593,
    "MAE": 0.28319122842100547
  },
  "ETTm2_192": {
    "MSE": 0.26614635537626413,
    "MAE": 0.3257612237172359
  },
  "ETTm2_336": {
    "MSE": 0.3208091165830296,
    "MAE": 0.35993124864798487
  },
  "ETTm2_720": {
    "MSE": 0.4005609451459243,
    "MAE": 0.4115597952102179
  },
  "Weather_96": {
    "MSE": 0.18810689851243081,
    "MAE": 0.24566795814573025
  },
  "Weather_192": {
    "MSE": 0.24795724909735628,
    "MAE": 0.2921474929931277
  },
  "Weather_336": {
    "MSE": 0.3021976514628269,
    "MAE": 0.32941264170427553
  },
  "Weather_720": {
    "MSE": 0.3678204210346561,
    "MAE": 0.37210400230002844
  },
  "ETTh1_avg": {
    "MSE": 0.45034017480291244,
    "MAE": 0.4589776621137081
  },
  "ETTh2_avg": {
    "MSE": 0.3758504846796531,
    "MAE": 0.40899266320141664
  },
  "ETTm1_avg": {
    "MSE": 0.4421664482836043,
    "MAE": 0.4221254224728753
  },
  "ETTm2_avg": {
    "MSE": 0.2968837584599335,
    "MAE": 0.34511087399911106
  },
  "Weather_avg": {
    "MSE": 0.2765205550268175,
    "MAE": 0.3098330237857905
  },
  "overall_avg": {
    "MSE": 0.36835228425058414,
    "MAE": 0.3890079291145803
  }
}