{
  "ETTh1_96": {
    "MSE": 0.4252696631246132,
    "MAE": 0.4448490925373021
  },
  "ETTh1_192": {
    "MSE": 0.45671541574571317,
    "MAE": 0.4650712688205291
  },
  "ETTh1_336": {
    "MSE": 0.4737109819888925,
    "MAE": 0.47594292154787454
  },
  "ETTh1_720": {
    "MSE": 0.5026881156507282,
    "MAE": 0.5037498916672171
  },
  "ETTh2_96": {
    "MSE": 0.3217461377862837,
    "MAE": 0.3705928771437688
  },
  "ETTh2_192": {
    "MSE": 0.3786111231617256,
    "MAE": 0.4064111902082843
  },
  "ETTh2_336": {
    "MSE": 0.39075636712161965,
    "MAE": 0.4198700399260644
  },
  "ETTh2_720": {
    "MSE": 0.42341478624125345,
    "MAE": 0.4516730755024569
  },
  "ETTm1_96": {
    "MSE": 0.41599631245306234,
    "MAE": 0.4156800663945989
  },
  "ETTm1_192": {
    "MSE": 0.4513829658484773,
    "MAE": 0.4330504668392268
  },
  "ETTm1_336": {
    "MSE": 0.4751711104380875,
    "MAE": 0.4479943771519301
  },
  "ETTm1_720": {
    "MSE": 0.5137411400001631,
    "MAE": 0.471652303851235
  },
  "ETTm2_96": {
    "MSE": 0.20872991743958275,
    "MAE": 0.28962737317646664
  },
  "ETTm2_192": {
    "MSE": 0.27271442010990155,
    "MAE": 0.3287291122398059
  },
  "ETTm2_336": {
    "MSE": 0.32439749111545063,
    "MAE": 0.3605561672528427
  },
  "ETTm2_720": {
    "MSE": 0.4043093637943965,
    "MAE": 0.4119806903584527
  },
  "Weather_96": {
    "MSE": 0.18311655077912295,
    "MAE": 0.24350549242260763
  },
  "Weather_192": {
    "MSE": 0.24145332519143017,
    "MAE": 0.28964178386811446
  },
  "Weather_336": {
    "MSE": 0.30226236614786195,
    "MAE": 0.33099375188014846
  },
  "Weather_720": {
    "MSE": 0.3718462369401843,
    "MAE": 0.37659616317654043
  },
  "ETTh1_avg": {
    "MSE": 0.4645960441274868,
    "MAE": 0.47240329364323075
  },
  "ETTh2_avg": {
    "MSE": 0.3786321035777206,
    "MAE": 0.4121367956951436
  },
  "ETTm1_avg": {
    "MSE": 0.4640728821849476,
    "MAE": 0.4420943035592477
  },
  "ETTm2_avg": {
    "MSE": 0.30253779811483283,
    "MAE": 0.34772333575689196
  },
  "Weather_avg": {
    "MSE": 0.2746696197646498,
    "MAE": 0.31018429783685275
  },
  "overall_avg": {
    "MSE": 0.37690168955392755,
    "MAE": 0.39690840529827337
  }
}