{
  "ETTh1_96": {
    "MSE": 0.7396453012852842,
    "MAE": 0.5791782790424698
  },
  "ETTh1_192": {
    "MSE": 0.7012642729801211,
    "MAE": 0.5696447654836883
  },
  "ETTh1_336": {
    "MSE": 0.7097156615467679,
    "MAE": 0.5756961267489835
  },
  "ETTh1_720": {
    "MSE": 0.6872728348050083,
    "MAE": 0.5854196549411775
  },
  "ETTh2_96": {
    "MSE": 0.3965189427610469,
    "MAE": 0.41553936819856263
  },
  "ETTh2_192": {
    "MSE": 0.4411081130326616,
    "MAE": 0.4437195235100763
  },
  "ETTh2_336": {
    "MSE": 0.44780405180120525,
    "MAE": 0.4545378076119985
  },
  "ETTh2_720": {
    "MSE": 0.4610180547094045,
    "MAE": 0.4654949912040536
  },
  "ETTm1_96": {
    "MSE": 0.6811018629090708,
    "MAE": 0.5453049425740164
  },
  "ETTm1_192": {
    "MSE": 0.6505466419577176,
    "MAE": 0.5335062965972727
  },
  "ETTm1_336": {
    "MSE": 0.685941048549153,
    "MAE": 0.5491140986586688
  },
  "ETTm1_720": {
    "MSE": 0.7135916752521205,
    "MAE": 0.5644374630811516
  },
  "ETTm2_96": {
    "MSE": 0.2812187183392764,
    "MAE": 0.3367724703159497
  },
  "ETTm2_192": {
    "MSE": 0.3146536295066808,
    "MAE": 0.351782093863103
  },
  "ETTm2_336": {
    "MSE": 0.36166240079569867,
    "MAE": 0.38202602621586945
  },
  "ETTm2_720": {
    "MSE": 0.4530067228028571,
    "MAE": 0.4286934089171688
  },
  "Weather_96": {
    "MSE": 0.2527829545918029,
    "MAE": 0.29985596482337623
  },
  "Weather_192": {
    "MSE": 0.31068729386077776,
    "MAE": 0.34008378634207936
  },
  "Weather_336": {
    "MSE": 0.3551971427540395,
    "MAE": 0.3673367715986831
  },
  "Weather_720": {
    "MSE": 0.40531593388101905,
    "MAE": 0.3971479275926645
  },
  "ETTh1_avg": {
    "MSE": 0.7094745176542954,
    "MAE": 0.5774847065540798
  },
  "ETTh2_avg": {
    "MSE": 0.43661229057607953,
    "MAE": 0.4448229226311728
  },
  "ETTm1_avg": {
    "MSE": 0.6827953071670155,
    "MAE": 0.5480907002277773
  },
  "ETTm2_avg": {
    "MSE": 0.35263536786112826,
    "MAE": 0.37481849982802273
  },
  "Weather_avg": {
    "MSE": 0.3309958312719098,
    "MAE": 0.35110611258920077
  },
  "overall_avg": {
    "MSE": 0.5025026629060857,
    "MAE": 0.45926458836605066
  }
}