{
  "ETTh1_96": {
    "MSE": 0.49582858763955273,
    "MAE": 0.4989117330507614
  },
  "ETTh1_192": {
    "MSE": 0.5160704040322055,
    "MAE": 0.5111484064137957
  },
  "ETTh1_336": {
    "MSE": 0.5165682325459051,
    "MAE": 0.5165320197442833
  },
  "ETTh1_720": {
    "MSE": 0.5188737962093943,
    "MAE": 0.5283679068651735
  },
  "ETTh2_96": {
    "MSE": 0.37048472327444215,
    "MAE": 0.42892148858322793
  },
  "ETTh2_192": {
    "MSE": 0.42455137237300794,
    "MAE": 0.4580751424263196
  },
  "ETTh2_336": {
    "MSE": 0.4417909590038311,
    "MAE": 0.4687468310344136
  },
  "ETTh2_720": {
    "MSE": 0.4577729131884666,
    "MAE": 0.48461524595016053
  },
  "ETTm1_96": {
    "MSE": 0.6039466269957399,
    "MAE": 0.5085590113690446
  },
  "ETTm1_192": {
    "MSE": 0.6268080921658766,
    "MAE": 0.5162146906496036
  },
  "ETTm1_336": {
    "MSE": 0.6397617851183751,
    "MAE": 0.5255526745882336
  },
  "ETTm1_720": {
    "MSE": 0.6622784154518404,
    "MAE": 0.5413740759123264
  },
  "ETTm2_96": {
    "MSE": 0.2860378636187314,
    "MAE": 0.3634923219750665
  },
  "ETTm2_192": {
    "MSE": 0.3296777880271695,
    "MAE": 0.38661795262929305
  },
  "ETTm2_336": {
    "MSE": 0.3739226887797058,
    "MAE": 0.4104883110768369
  },
  "ETTm2_720": {
    "MSE": 0.44979374863372246,
    "MAE": 0.44977075055530996
  },
  "Weather_96": {
    "MSE": 0.25205547787524657,
    "MAE": 0.3098505602878689
  },
  "Weather_192": {
    "MSE": 0.27909614092973245,
    "MAE": 0.32434015830783675
  },
  "Weather_336": {
    "MSE": 0.3167860489146523,
    "MAE": 0.3461568568234328
  },
  "Weather_720": {
    "MSE": 0.38408781942856784,
    "MAE": 0.3882727939453012
  },
  "ETTh1_avg": {
    "MSE": 0.5118352551067644,
    "MAE": 0.5137400165185034
  },
  "ETTh2_avg": {
    "MSE": 0.4236499919599369,
    "MAE": 0.46008967699853043
  },
  "ETTm1_avg": {
    "MSE": 0.633198729932958,
    "MAE": 0.522925113129802
  },
  "ETTm2_avg": {
    "MSE": 0.3598580222648323,
    "MAE": 0.4025923340591266
  },
  "Weather_avg": {
    "MSE": 0.3080063717870498,
    "MAE": 0.3421550923411099
  },
  "overall_avg": {
    "MSE": 0.4473096742103083,
    "MAE": 0.4483004466094145
  }
}