{
  "ETTh1": {
    "mask_125": {
      "MSE": 0.6018743300256097,
      "MAE": 0.5580245975227583
    },
    "mask_250": {
      "MSE": 0.1176730315555774,
      "MAE": 0.23826320329237552
    },
    "mask_375": {
      "MSE": 0.11650234132650353,
      "MAE": 0.23564931539197762
    },
    "mask_500": {
      "MSE": 0.1266131074234311,
      "MAE": 0.24581406623834656
    },
    "avg": {
      "MSE": 0.24066570258278044,
      "MAE": 0.3194377956113645
    }
  },
  "ETTh2": {
    "mask_125": {
      "MSE": 0.1579375427559994,
      "MAE": 0.2648980609185639
    },
    "mask_250": {
      "MSE": 0.05797519148549154,
      "MAE": 0.15359545651645887
    },
    "mask_375": {
      "MSE": 0.05808998389125225,
      "MAE": 0.15226918114792734
    },
    "mask_500": {
      "MSE": 0.06074359151645608,
      "MAE": 0.15648563355207443
    },
    "avg": {
      "MSE": 0.08368657741229982,
      "MAE": 0.18181208303375612
    }
  },
  "ETTm1": {
    "mask_125": {
      "MSE": 1.4420233108302845,
      "MAE": 0.7317322716560393
    },
    "mask_250": {
      "MSE": 0.05885505453417344,
      "MAE": 0.15069368574768305
    },
    "mask_375": {
      "MSE": 0.05987840993551626,
      "MAE": 0.15193347966387158
    },
    "mask_500": {
      "MSE": 0.06539364710361475,
      "MAE": 0.1590818345458025
    },
    "avg": {
      "MSE": 0.40653760560089724,
      "MAE": 0.2983603179033491
    }
  },
  "ETTm2": {
    "mask_125": {
      "MSE": 0.23868270744458728,
      "MAE": 0.3380632111714
    },
    "mask_250": {
      "MSE": 0.03605057139731278,
      "MAE": 0.11388085099558036
    },
    "mask_375": {
      "MSE": 0.034697581504726606,
      "MAE": 0.11140265408016387
    },
    "mask_500": {
      "MSE": 0.03626531784234214,
      "MAE": 0.11690696798087585
    },
    "avg": {
      "MSE": 0.08642404454724222,
      "MAE": 0.170063421057005
    }
  },
  "Weather": {
    "mask_125": {
      "MSE": 0.30875834314179623,
      "MAE": 0.25701999645828016
    },
    "mask_250": {
      "MSE": 0.0925611294439968,
      "MAE": 0.08687995531104711
    },
    "mask_375": {
      "MSE": 0.075934091078887,
      "MAE": 0.0751843689388359
    },
    "mask_500": {
      "MSE": 0.08041626441922023,
      "MAE": 0.08080090424341578
    },
    "avg": {
      "MSE": 0.13941745702097508,
      "MAE": 0.12497130623789475
    }
  },
  "overall_avg": {
    "MSE": 0.19134627743283897,
    "MAE": 0.21892898476867387
  }
}