{
  "ETTh1_96": {
    "MSE": 0.4434465988881585,
    "MAE": 0.44801214850674714
  },
  "ETTh1_192": {
    "MSE": 0.473654767797212,
    "MAE": 0.46823633264287084
  },
  "ETTh1_336": {
    "MSE": 0.4813950662605777,
    "MAE": 0.4758200214216696
  },
  "ETTh1_720": {
    "MSE": 0.5122212624895905,
    "MAE": 0.5004592099908269
  },
  "ETTh2_96": {
    "MSE": 0.3107066998870385,
    "MAE": 0.36844792118968317
  },
  "ETTh2_192": {
    "MSE": 0.37401202693467983,
    "MAE": 0.4078961724913014
  },
  "ETTh2_336": {
    "MSE": 0.3889614819057121,
    "MAE": 0.4216066909800528
  },
  "ETTh2_720": {
    "MSE": 0.4191052376645556,
    "MAE": 0.4522779473893057
  },
  "ETTm1_96": {
    "MSE": 0.4004757680276483,
    "MAE": 0.4036483463618877
  },
  "ETTm1_192": {
    "MSE": 0.43102419449489815,
    "MAE": 0.42201670327250146
  },
  "ETTm1_336": {
    "MSE": 0.45540038089738827,
    "MAE": 0.4382753563246332
  },
  "ETTm1_720": {
    "MSE": 0.5041158998599923,
    "MAE": 0.4665732501074035
  },
  "ETTm2_96": {
    "MSE": 0.21529105902371373,
    "MAE": 0.2937959644607105
  },
  "ETTm2_192": {
    "MSE": 0.2775679382121556,
    "MAE": 0.33256538280659287
  },
  "ETTm2_336": {
    "MSE": 0.32847004018455533,
    "MAE": 0.3642569328210248
  },
  "ETTm2_720": {
    "MSE": 0.404822324736804,
    "MAE": 0.41454675958980314
  },
  "Weather_96": {
    "MSE": 0.19480067111966334,
    "MAE": 0.25341777093956386
  },
  "Weather_192": {
    "MSE": 0.2607152437833123,
    "MAE": 0.3046895916123461
  },
  "Weather_336": {
    "MSE": 0.32622342232838764,
    "MAE": 0.3467302024342203
  },
  "Weather_720": {
    "MSE": 0.3942398845654858,
    "MAE": 0.3894325319446947
  },
  "ETTh1_avg": {
    "MSE": 0.4776794238588847,
    "MAE": 0.4731319281405286
  },
  "ETTh2_avg": {
    "MSE": 0.3731963615979965,
    "MAE": 0.41255718301258576
  },
  "ETTm1_avg": {
    "MSE": 0.4477540608199817,
    "MAE": 0.43262841401660646
  },
  "ETTm2_avg": {
    "MSE": 0.3065378405393072,
    "MAE": 0.3512912599195328
  },
  "Weather_avg": {
    "MSE": 0.29399480544921225,
    "MAE": 0.32356752423270624
  },
  "overall_avg": {
    "MSE": 0.37983249845307643,
    "MAE": 0.398635261864392
  }
}