{
  "ETTh1_96": {
    "MSE": 0.3947332221959989,
    "MAE": 0.41502754678411646
  },
  "ETTh1_192": {
    "MSE": 0.4293853429016884,
    "MAE": 0.43830817277049666
  },
  "ETTh1_336": {
    "MSE": 0.44838216644984974,
    "MAE": 0.45135274065318465
  },
  "ETTh1_720": {
    "MSE": 0.4842589414566597,
    "MAE": 0.48230231151470604
  },
  "ETTh2_96": {
    "MSE": 0.2926433666944997,
    "MAE": 0.35055564585399046
  },
  "ETTh2_192": {
    "MSE": 0.35092779156830095,
    "MAE": 0.3907595615251265
  },
  "ETTh2_336": {
    "MSE": 0.374990199699112,
    "MAE": 0.41058358851013077
  },
  "ETTh2_720": {
    "MSE": 0.4103772986899291,
    "MAE": 0.44662947736757147
  },
  "ETTm1_96": {
    "MSE": 0.3693438169037079,
    "MAE": 0.38006434244680626
  },
  "ETTm1_192": {
    "MSE": 0.4056031839852671,
    "MAE": 0.4023788502911041
  },
  "ETTm1_336": {
    "MSE": 0.4293268564605794,
    "MAE": 0.41829830359635445
  },
  "ETTm1_720": {
    "MSE": 0.4804845845998074,
    "MAE": 0.44732059416300757
  },
  "ETTm2_96": {
    "MSE": 0.21339945157379298,
    "MAE": 0.293755845635601
  },
  "ETTm2_192": {
    "MSE": 0.28110050190849756,
    "MAE": 0.33574364925438394
  },
  "ETTm2_336": {
    "MSE": 0.3341638177150107,
    "MAE": 0.36770750783590966
  },
  "ETTm2_720": {
    "MSE": 0.41463731196556586,
    "MAE": 0.4191637014513729
  },
  "Weather_96": {
    "MSE": 0.19271397907390297,
    "MAE": 0.24591549777918034
  },
  "Weather_192": {
    "MSE": 0.2482058092888328,
    "MAE": 0.29456103761100366
  },
  "Weather_336": {
    "MSE": 0.3109708065425693,
    "MAE": 0.3380090178360218
  },
  "Weather_720": {
    "MSE": 0.3825370874039626,
    "MAE": 0.3807682479502922
  },
  "ETTh1_avg": {
    "MSE": 0.43918991825104914,
    "MAE": 0.44674769293062594
  },
  "ETTh2_avg": {
    "MSE": 0.35723466416296046,
    "MAE": 0.3996320683142048
  },
  "ETTm1_avg": {
    "MSE": 0.42118961048734044,
    "MAE": 0.41201552262431806
  },
  "ETTm2_avg": {
    "MSE": 0.31082527079071676,
    "MAE": 0.3540926760443169
  },
  "Weather_avg": {
    "MSE": 0.2836069205773169,
    "MAE": 0.3148134502941245
  },
  "overall_avg": {
    "MSE": 0.3624092768538767,
    "MAE": 0.385460282041518
  }
}