{
  "ETTh1_96": {
    "MSE": 0.4173296406547534,
    "MAE": 0.4308390186881861
  },
  "ETTh1_192": {
    "MSE": 0.4564748255462179,
    "MAE": 0.45340885679685855
  },
  "ETTh1_336": {
    "MSE": 0.475770158033486,
    "MAE": 0.4657356415402359
  },
  "ETTh1_720": {
    "MSE": 0.5239502815230304,
    "MAE": 0.49807359700272685
  },
  "ETTh2_96": {
    "MSE": 0.3094081595447811,
    "MAE": 0.36292369214619347
  },
  "ETTh2_192": {
    "MSE": 0.368095641497081,
    "MAE": 0.4017635054112924
  },
  "ETTh2_336": {
    "MSE": 0.387180353445327,
    "MAE": 0.4183420419637011
  },
  "ETTh2_720": {
    "MSE": 0.41728912213920494,
    "MAE": 0.44956088397747807
  },
  "ETTm1_96": {
    "MSE": 0.38537165319062644,
    "MAE": 0.39408998101715553
  },
  "ETTm1_192": {
    "MSE": 0.42207930590545417,
    "MAE": 0.4147411546631797
  },
  "ETTm1_336": {
    "MSE": 0.44799392766204704,
    "MAE": 0.42922726268162265
  },
  "ETTm1_720": {
    "MSE": 0.4967883120175347,
    "MAE": 0.45666843410621255
  },
  "ETTm2_96": {
    "MSE": 0.21654799172272596,
    "MAE": 0.29423127745742844
  },
  "ETTm2_192": {
    "MSE": 0.2783333162211383,
    "MAE": 0.3328967881779109
  },
  "ETTm2_336": {
    "MSE": 0.3307749374698814,
    "MAE": 0.3646242585603813
  },
  "ETTm2_720": {
    "MSE": 0.40800264949441445,
    "MAE": 0.4152930380894204
  },
  "Weather_96": {
    "MSE": 0.19229529787009697,
    "MAE": 0.24816067832026895
  },
  "Weather_192": {
    "MSE": 0.25357642661513385,
    "MAE": 0.2976998671765873
  },
  "Weather_336": {
    "MSE": 0.3116145802307825,
    "MAE": 0.3383343553681975
  },
  "Weather_720": {
    "MSE": 0.38690011375814787,
    "MAE": 0.38459035869590125
  },
  "ETTh1_avg": {
    "MSE": 0.4683812264393719,
    "MAE": 0.46201427850700183
  },
  "ETTh2_avg": {
    "MSE": 0.3704933191565985,
    "MAE": 0.40814753087466626
  },
  "ETTm1_avg": {
    "MSE": 0.4380582996939156,
    "MAE": 0.42368170811704264
  },
  "ETTm2_avg": {
    "MSE": 0.30841472372704004,
    "MAE": 0.3517613405712853
  },
  "Weather_avg": {
    "MSE": 0.2860966046185403,
    "MAE": 0.31719631489023875
  },
  "overall_avg": {
    "MSE": 0.3742888347270933,
    "MAE": 0.392560234592047
  }
}