{
  "EthanolConcentration": {
    "train_acc": 0.4367815852165222,
    "test_acc": 0.311787072243346,
    "n_classes": 4
  },
  "FaceDetection": {
    "train_acc": 0.6040747165679932,
    "test_acc": 0.5530646992054483,
    "n_classes": 2
  },
  "Handwriting": {
    "train_acc": 0.8866667151451111,
    "test_acc": 0.19411764705882353,
    "n_classes": 26
  },
  "Heartbeat": {
    "train_acc": 0.843137264251709,
    "test_acc": 0.7268292682926829,
    "n_classes": 2
  },
  "JapaneseVowels": {
    "train_acc": 0.4444444477558136,
    "test_acc": 0.2,
    "n_classes": 9
  },
  "PEMS-SF": {
    "train_acc": 0.7902621626853943,
    "test_acc": 0.7052023121387283,
    "n_classes": 7
  },
  "SelfRegulationSCP1": {
    "train_acc": 0.8470149040222168,
    "test_acc": 0.7542662116040956,
    "n_classes": 2
  },
  "SelfRegulationSCP2": {
    "train_acc": 0.7299999594688416,
    "test_acc": 0.5055555555555555,
    "n_classes": 2
  },
  "SpokenArabicDigits": {
    "train_acc": 0.8025458455085754,
    "test_acc": 0.43519781718963163,
    "n_classes": 10
  },
  "UWaveGestureLibrary": {
    "train_acc": 0.9666666984558105,
    "test_acc": 0.721875,
    "n_classes": 8
  },
  "AVG": 0.5107895583288312
}