{
  "ETTh1_96": {
    "MSE": 0.41966110584122246,
    "MAE": 0.4323532952685133
  },
  "ETTh1_192": {
    "MSE": 0.45399969871550505,
    "MAE": 0.45352171877546893
  },
  "ETTh1_336": {
    "MSE": 0.47383662165920815,
    "MAE": 0.46632817626623185
  },
  "ETTh1_720": {
    "MSE": 0.5218513667671998,
    "MAE": 0.4971565762139502
  },
  "ETTh2_96": {
    "MSE": 0.3103290672726186,
    "MAE": 0.3645806893703772
  },
  "ETTh2_192": {
    "MSE": 0.37344037213967013,
    "MAE": 0.403193674361199
  },
  "ETTh2_336": {
    "MSE": 0.3918793672414726,
    "MAE": 0.4192744420160319
  },
  "ETTh2_720": {
    "MSE": 0.4214883326148825,
    "MAE": 0.45228568299245425
  },
  "ETTm1_96": {
    "MSE": 0.3856353788926254,
    "MAE": 0.39028442404134994
  },
  "ETTm1_192": {
    "MSE": 0.4223200112463509,
    "MAE": 0.4103239573291279
  },
  "ETTm1_336": {
    "MSE": 0.4510527575070711,
    "MAE": 0.4254427770103836
  },
  "ETTm1_720": {
    "MSE": 0.4968012449032285,
    "MAE": 0.45149609263740575
  },
  "ETTm2_96": {
    "MSE": 0.21188562543786513,
    "MAE": 0.28945104707599995
  },
  "ETTm2_192": {
    "MSE": 0.27271451390454127,
    "MAE": 0.3285035741049664
  },
  "ETTm2_336": {
    "MSE": 0.3297723503561496,
    "MAE": 0.3628461990681233
  },
  "ETTm2_720": {
    "MSE": 0.4100671401450224,
    "MAE": 0.41557251719617744
  },
  "Weather_96": {
    "MSE": 0.19349001359825277,
    "MAE": 0.24930474483680332
  },
  "Weather_192": {
    "MSE": 0.257359242843906,
    "MAE": 0.300636109359294
  },
  "Weather_336": {
    "MSE": 0.3204602456839615,
    "MAE": 0.3436331378689739
  },
  "Weather_720": {
    "MSE": 0.3919498238395598,
    "MAE": 0.3875280503329251
  },
  "ETTh1_avg": {
    "MSE": 0.46733719824578385,
    "MAE": 0.4623399416310411
  },
  "ETTh2_avg": {
    "MSE": 0.3742842848171609,
    "MAE": 0.40983362218501557
  },
  "ETTm1_avg": {
    "MSE": 0.438952348137319,
    "MAE": 0.4193868127545668
  },
  "ETTm2_avg": {
    "MSE": 0.3061099074608946,
    "MAE": 0.3490933343613168
  },
  "Weather_avg": {
    "MSE": 0.29081483149142,
    "MAE": 0.32027551059949905
  },
  "overall_avg": {
    "MSE": 0.3754997140305157,
    "MAE": 0.39218584430628783
  }
}