{
  "ETTh1": {
    "bias_sq": 0.04626905918121338,
    "variance": 0.020195825025439262,
    "mse": 0.06646489351987839,
    "bias_frac": 0.696142852306366,
    "var_frac": 0.3038570284843445
  },
  "ETTh2": {
    "bias_sq": 0.24591660499572754,
    "variance": 0.11269593238830566,
    "mse": 0.3586125373840332,
    "bias_frac": 0.68574458360672,
    "var_frac": 0.31425541639328003
  },
  "ETTm1": {
    "bias_sq": 0.01601400040090084,
    "variance": 0.0033968742936849594,
    "mse": 0.0194108746945858,
    "bias_frac": 0.8250014781951904,
    "var_frac": 0.17499852180480957
  },
  "ETTm2": {
    "bias_sq": 0.12602366507053375,
    "variance": 0.010743976570665836,
    "mse": 0.13676764070987701,
    "bias_frac": 0.9214435815811157,
    "var_frac": 0.07855642586946487
  },
  "Weather": {
    "bias_sq": 0.001300971838645637,
    "variance": 0.00010106963600264862,
    "mse": 0.001402041525579989,
    "bias_frac": 0.9279124736785889,
    "var_frac": 0.07208747416734695
  }
}