{
  "ETTh1_96": {
    "MSE": 0.46597496228613133,
    "MAE": 0.4640396385386693
  },
  "ETTh1_192": {
    "MSE": 0.4966547458395673,
    "MAE": 0.48252209051693395
  },
  "ETTh1_336": {
    "MSE": 0.50531016681442,
    "MAE": 0.4889723027018382
  },
  "ETTh1_720": {
    "MSE": 0.5192804573784868,
    "MAE": 0.507650223263327
  },
  "ETTh2_96": {
    "MSE": 0.32053181047550694,
    "MAE": 0.3792451809144519
  },
  "ETTh2_192": {
    "MSE": 0.3827502401401706,
    "MAE": 0.4152880386259457
  },
  "ETTh2_336": {
    "MSE": 0.40168627871644985,
    "MAE": 0.42972840265074586
  },
  "ETTh2_720": {
    "MSE": 0.435502735232642,
    "MAE": 0.459545003868415
  },
  "ETTm1_96": {
    "MSE": 0.4938582724636836,
    "MAE": 0.4665999071999797
  },
  "ETTm1_192": {
    "MSE": 0.5365850131744636,
    "MAE": 0.4827073886636499
  },
  "ETTm1_336": {
    "MSE": 0.5520595463217657,
    "MAE": 0.49295120260157166
  },
  "ETTm1_720": {
    "MSE": 0.6107237196393985,
    "MAE": 0.5236623354368526
  },
  "ETTm2_96": {
    "MSE": 0.2153265379583869,
    "MAE": 0.3016813282742173
  },
  "ETTm2_192": {
    "MSE": 0.27780646934229836,
    "MAE": 0.3382506857174396
  },
  "ETTm2_336": {
    "MSE": 0.328309070696595,
    "MAE": 0.36842148782104545
  },
  "ETTm2_720": {
    "MSE": 0.41297610054839345,
    "MAE": 0.4204952813220917
  },
  "Weather_96": {
    "MSE": 0.20086597613754412,
    "MAE": 0.26230155193163085
  },
  "Weather_192": {
    "MSE": 0.2718991731734933,
    "MAE": 0.31536818259666183
  },
  "Weather_336": {
    "MSE": 0.33600440106045004,
    "MAE": 0.35534112159969033
  },
  "Weather_720": {
    "MSE": 0.41398177451339174,
    "MAE": 0.4036727593508892
  },
  "ETTh1_avg": {
    "MSE": 0.4968050830796514,
    "MAE": 0.48579606375519213
  },
  "ETTh2_avg": {
    "MSE": 0.38511776614119236,
    "MAE": 0.4209516565148896
  },
  "ETTm1_avg": {
    "MSE": 0.5483066378998278,
    "MAE": 0.49148020847551344
  },
  "ETTm2_avg": {
    "MSE": 0.3086045446364184,
    "MAE": 0.3572121957836985
  },
  "Weather_avg": {
    "MSE": 0.3056878312212198,
    "MAE": 0.33417090386971804
  },
  "overall_avg": {
    "MSE": 0.4089043725956619,
    "MAE": 0.4179222056798023
  }
}