{
  "ETTh1": {
    "mask_125": {
      "MSE": 0.4884829288437253,
      "MAE": 0.5135457020430337
    },
    "mask_250": {
      "MSE": 0.11453781556116328,
      "MAE": 0.2361943859961771
    },
    "mask_375": {
      "MSE": 0.1126483955886215,
      "MAE": 0.23438969666049594
    },
    "mask_500": {
      "MSE": 0.12192381374937084,
      "MAE": 0.24299104247419606
    },
    "avg": {
      "MSE": 0.20939823843572025,
      "MAE": 0.30678020679347573
    }
  },
  "ETTh2": {
    "mask_125": {
      "MSE": 0.23168602096404703,
      "MAE": 0.319986553791733
    },
    "mask_250": {
      "MSE": 0.05629971293577304,
      "MAE": 0.14945650586769693
    },
    "mask_375": {
      "MSE": 0.05665251054091468,
      "MAE": 0.1489018883910917
    },
    "mask_500": {
      "MSE": 0.05933171993875433,
      "MAE": 0.1530034882859105
    },
    "avg": {
      "MSE": 0.10099249109487227,
      "MAE": 0.19283710908410803
    }
  },
  "ETTm1": {
    "mask_125": {
      "MSE": 2.7888272989036826,
      "MAE": 1.0524005940982273
    },
    "mask_250": {
      "MSE": 0.05484610717034056,
      "MAE": 0.14451070434990385
    },
    "mask_375": {
      "MSE": 0.05531492649461143,
      "MAE": 0.1453047726746826
    },
    "mask_500": {
      "MSE": 0.06063149622198017,
      "MAE": 0.15210125504859856
    },
    "avg": {
      "MSE": 0.7399049571976537,
      "MAE": 0.37357933154285305
    }
  },
  "ETTm2": {
    "mask_125": {
      "MSE": 0.26933631147368853,
      "MAE": 0.36295262922843297
    },
    "mask_250": {
      "MSE": 0.03453637934095847,
      "MAE": 0.11011216400989464
    },
    "mask_375": {
      "MSE": 0.033701659697440586,
      "MAE": 0.1076485084458476
    },
    "mask_500": {
      "MSE": 0.035265044978309776,
      "MAE": 0.11253800025830667
    },
    "avg": {
      "MSE": 0.09320984887259935,
      "MAE": 0.17331282548562046
    }
  },
  "Weather": {
    "mask_125": {
      "MSE": 0.31704623788334446,
      "MAE": 0.2576151138785044
    },
    "mask_250": {
      "MSE": 0.08497775049603631,
      "MAE": 0.07825719371090628
    },
    "mask_375": {
      "MSE": 0.07522493625070739,
      "MAE": 0.07170001488079183
    },
    "mask_500": {
      "MSE": 0.08084556403428068,
      "MAE": 0.07810626323039215
    },
    "avg": {
      "MSE": 0.1395236221660922,
      "MAE": 0.12141964642514866
    }
  },
  "overall_avg": {
    "MSE": 0.25660583155338756,
    "MAE": 0.23358582386624122
  }
}