{
  "ETTh1": {
    "mask_125": {
      "MSE": 0.3695276635920718,
      "MAE": 0.43108124420756383
    },
    "mask_250": {
      "MSE": 0.2142256171797358,
      "MAE": 0.3361249688835371
    },
    "mask_375": {
      "MSE": 0.2013240701651999,
      "MAE": 0.3205129764619328
    },
    "mask_500": {
      "MSE": 0.21862941759948928,
      "MAE": 0.33088060620994797
    },
    "avg": {
      "MSE": 0.2509266921341242,
      "MAE": 0.3546499489407454
    }
  },
  "ETTh2": {
    "mask_125": {
      "MSE": 0.10429766919308653,
      "MAE": 0.22062260041989032
    },
    "mask_250": {
      "MSE": 0.076279609793398,
      "MAE": 0.18372426448123796
    },
    "mask_375": {
      "MSE": 0.07537101983713607,
      "MAE": 0.18158918956205958
    },
    "mask_500": {
      "MSE": 0.07823728268101279,
      "MAE": 0.18665510139295033
    },
    "avg": {
      "MSE": 0.08354639537615835,
      "MAE": 0.19314778896403456
    }
  },
  "ETTm1": {
    "mask_125": {
      "MSE": 0.5996012646616214,
      "MAE": 0.45523603288900283
    },
    "mask_250": {
      "MSE": 0.08794150808160858,
      "MAE": 0.20328140821130503
    },
    "mask_375": {
      "MSE": 0.08372956929462297,
      "MAE": 0.19565214640682652
    },
    "mask_500": {
      "MSE": 0.08770458730314637,
      "MAE": 0.19995136977661224
    },
    "avg": {
      "MSE": 0.21474423233524984,
      "MAE": 0.26353023932093667
    }
  },
  "ETTm2": {
    "mask_125": {
      "MSE": 0.11312800420869497,
      "MAE": 0.23072399709905897
    },
    "mask_250": {
      "MSE": 0.06144939000563075,
      "MAE": 0.16028505436011722
    },
    "mask_375": {
      "MSE": 0.046421321459291946,
      "MAE": 0.1410517885748829
    },
    "mask_500": {
      "MSE": 0.0495919316763147,
      "MAE": 0.14697568833473182
    },
    "avg": {
      "MSE": 0.0676476618374831,
      "MAE": 0.16975913209219773
    }
  },
  "Weather": {
    "mask_125": {
      "MSE": 0.18858573142496757,
      "MAE": 0.20626669541030887
    },
    "mask_250": {
      "MSE": 0.1176925512575739,
      "MAE": 0.11576010628588616
    },
    "mask_375": {
      "MSE": 0.0940125016301762,
      "MAE": 0.09758305071838318
    },
    "mask_500": {
      "MSE": 0.0967143202706904,
      "MAE": 0.10674032422322188
    },
    "avg": {
      "MSE": 0.12425127614585202,
      "MAE": 0.13158754415945
    }
  },
  "overall_avg": {
    "MSE": 0.14822325156577348,
    "MAE": 0.22253493069547287
  }
}