{
  "ETTh1": {
    "mask_125": {
      "MSE": 0.3445961007759685,
      "MAE": 0.4249809156571116
    },
    "mask_250": {
      "MSE": 0.3065672191126006,
      "MAE": 0.3983771529226076
    },
    "mask_375": {
      "MSE": 0.3343106751285848,
      "MAE": 0.41029134492079417
    },
    "mask_500": {
      "MSE": 0.39849149820705254,
      "MAE": 0.4425875275617554
    },
    "avg": {
      "MSE": 0.3459913733060516,
      "MAE": 0.4190592352655672
    }
  },
  "ETTh2": {
    "mask_125": {
      "MSE": 0.11274252108941298,
      "MAE": 0.23109291923188027
    },
    "mask_250": {
      "MSE": 0.10369522782663504,
      "MAE": 0.22113026580995038
    },
    "mask_375": {
      "MSE": 0.10350679932605653,
      "MAE": 0.22061267394040313
    },
    "mask_500": {
      "MSE": 0.1056532392500057,
      "MAE": 0.2242156163212799
    },
    "avg": {
      "MSE": 0.10639944687302755,
      "MAE": 0.22426286882587843
    }
  },
  "ETTm1": {
    "mask_125": {
      "MSE": 0.23227983221766493,
      "MAE": 0.342541783622333
    },
    "mask_250": {
      "MSE": 0.1501381068401748,
      "MAE": 0.2784088672626586
    },
    "mask_375": {
      "MSE": 0.14564745643708324,
      "MAE": 0.2746621722621577
    },
    "mask_500": {
      "MSE": 0.15399615562831362,
      "MAE": 0.28175424614122935
    },
    "avg": {
      "MSE": 0.17051538778080913,
      "MAE": 0.29434176732209466
    }
  },
  "ETTm2": {
    "mask_125": {
      "MSE": 0.10887682964759214,
      "MAE": 0.22630413648273265
    },
    "mask_250": {
      "MSE": 0.07247496251282948,
      "MAE": 0.18257603370362804
    },
    "mask_375": {
      "MSE": 0.06737951701285229,
      "MAE": 0.17744713613674754
    },
    "mask_500": {
      "MSE": 0.07194965114772675,
      "MAE": 0.1843500690800803
    },
    "avg": {
      "MSE": 0.08017024008025017,
      "MAE": 0.19266934385079715
    }
  },
  "Weather": {
    "mask_125": {
      "MSE": 0.1485326510258765,
      "MAE": 0.16555585769330344
    },
    "mask_250": {
      "MSE": 0.13007944554306122,
      "MAE": 0.14163978794619206
    },
    "mask_375": {
      "MSE": 0.12467110282546884,
      "MAE": 0.13703919303795647
    },
    "mask_500": {
      "MSE": 0.13097072818347355,
      "MAE": 0.145954501727182
    },
    "avg": {
      "MSE": 0.13356348189447004,
      "MAE": 0.1475473351011585
    }
  },
  "overall_avg": {
    "MSE": 0.16732798598692172,
    "MAE": 0.2555761100730992
  }
}