{
  "ETTh1": {
    "mask_125": {
      "MSE": 0.9770217985713057,
      "MAE": 0.6728751076828866
    },
    "mask_250": {
      "MSE": 0.30910796956824405,
      "MAE": 0.40573914157492774
    },
    "mask_375": {
      "MSE": 0.30047568786179735,
      "MAE": 0.38853042686269396
    },
    "mask_500": {
      "MSE": 0.35920456723265703,
      "MAE": 0.4202965414949826
    },
    "avg": {
      "MSE": 0.48645250580850097,
      "MAE": 0.4718603044038727
    }
  },
  "ETTh2": {
    "mask_125": {
      "MSE": 0.11354183995697115,
      "MAE": 0.22932028749159405
    },
    "mask_250": {
      "MSE": 0.0913777090764294,
      "MAE": 0.20341999610619885
    },
    "mask_375": {
      "MSE": 0.09250684878012787,
      "MAE": 0.20415876578717004
    },
    "mask_500": {
      "MSE": 0.09483916476102812,
      "MAE": 0.2079487405717373
    },
    "avg": {
      "MSE": 0.09806639064363913,
      "MAE": 0.21121194748917507
    }
  },
  "ETTm1": {
    "mask_125": {
      "MSE": 0.5423080706880206,
      "MAE": 0.4900145372109754
    },
    "mask_250": {
      "MSE": 0.11395180685490015,
      "MAE": 0.237687827114548
    },
    "mask_375": {
      "MSE": 0.11020976615448792,
      "MAE": 0.23357708156108856
    },
    "mask_500": {
      "MSE": 0.11575189901604539,
      "MAE": 0.23846768096444151
    },
    "avg": {
      "MSE": 0.22055538567836352,
      "MAE": 0.2999367817127634
    }
  },
  "ETTm2": {
    "mask_125": {
      "MSE": 0.4843847783404358,
      "MAE": 0.4363539049313182
    },
    "mask_250": {
      "MSE": 0.07936957225513955,
      "MAE": 0.18121951208228157
    },
    "mask_375": {
      "MSE": 0.056657111032732896,
      "MAE": 0.1593084005905049
    },
    "mask_500": {
      "MSE": 0.05937798205718753,
      "MAE": 0.16313431729518232
    },
    "avg": {
      "MSE": 0.1699473609213739,
      "MAE": 0.23500403372482176
    }
  },
  "Weather": {
    "mask_125": {
      "MSE": 0.3716239766555407,
      "MAE": 0.26110921865772635
    },
    "mask_250": {
      "MSE": 0.2996972558885953,
      "MAE": 0.18896975647732026
    },
    "mask_375": {
      "MSE": 0.1666695742546099,
      "MAE": 0.14013425540844246
    },
    "mask_500": {
      "MSE": 0.11771518244685654,
      "MAE": 0.1266206110945888
    },
    "avg": {
      "MSE": 0.23892649731140062,
      "MAE": 0.17920846040951946
    }
  },
  "overall_avg": {
    "MSE": 0.24278962807265564,
    "MAE": 0.27944430554803046
  }
}