{
  "ETTh1": {
    "mask_125": {
      "MSE": 0.3404350243597513,
      "MAE": 0.42797453488622395
    },
    "mask_250": {
      "MSE": 0.24960495734676008,
      "MAE": 0.3612345273296038
    },
    "mask_375": {
      "MSE": 0.24123411934290614,
      "MAE": 0.3533969143316859
    },
    "mask_500": {
      "MSE": 0.2779144383612133,
      "MAE": 0.37460968387978416
    },
    "avg": {
      "MSE": 0.2772971348526577,
      "MAE": 0.37930391510682443
    }
  },
  "ETTh2": {
    "mask_125": {
      "MSE": 0.13061184616692897,
      "MAE": 0.24778720931637854
    },
    "mask_250": {
      "MSE": 0.08659351306102638,
      "MAE": 0.2021666271345956
    },
    "mask_375": {
      "MSE": 0.08580948344786607,
      "MAE": 0.19974188790434882
    },
    "mask_500": {
      "MSE": 0.08579752692908403,
      "MAE": 0.19889207076103915
    },
    "avg": {
      "MSE": 0.09720309240122638,
      "MAE": 0.21214694877909052
    }
  },
  "ETTm1": {
    "mask_125": {
      "MSE": 0.27283806407691114,
      "MAE": 0.3593479204035941
    },
    "mask_250": {
      "MSE": 0.12280444676455643,
      "MAE": 0.2437152995772305
    },
    "mask_375": {
      "MSE": 0.11973170562248145,
      "MAE": 0.24061833910998845
    },
    "mask_500": {
      "MSE": 0.11796191177951793,
      "MAE": 0.2376100128782647
    },
    "avg": {
      "MSE": 0.15833403206086671,
      "MAE": 0.2703228929922694
    }
  },
  "ETTm2": {
    "mask_125": {
      "MSE": 0.12403460330817671,
      "MAE": 0.24297204106336548
    },
    "mask_250": {
      "MSE": 0.05763091866281771,
      "MAE": 0.16228812588822275
    },
    "mask_375": {
      "MSE": 0.05248271122885247,
      "MAE": 0.15438881039264657
    },
    "mask_500": {
      "MSE": 0.05250397181537535,
      "MAE": 0.15387411472343263
    },
    "avg": {
      "MSE": 0.07166305125380557,
      "MAE": 0.17838077301691685
    }
  },
  "Weather": {
    "mask_125": {
      "MSE": 0.21006384962148,
      "MAE": 0.18384592309298498
    },
    "mask_250": {
      "MSE": 0.13392397360861477,
      "MAE": 0.12121278941446531
    },
    "mask_375": {
      "MSE": 0.11186082126470345,
      "MAE": 0.1102639916253143
    },
    "mask_500": {
      "MSE": 0.1071882855722386,
      "MAE": 0.1098345877998139
    },
    "avg": {
      "MSE": 0.1407592325167592,
      "MAE": 0.13128932298314464
    }
  },
  "overall_avg": {
    "MSE": 0.14905130861706312,
    "MAE": 0.23428877057564917
  }
}