{
  "ETTh1": {
    "mask_125": {
      "MSE": 0.37369383101662,
      "MAE": 0.4390049821564129
    },
    "mask_250": {
      "MSE": 0.2712838896505889,
      "MAE": 0.3749534525686786
    },
    "mask_375": {
      "MSE": 0.2765223806014373,
      "MAE": 0.3740961730480194
    },
    "mask_500": {
      "MSE": 0.33721527867019174,
      "MAE": 0.40931364833599043
    },
    "avg": {
      "MSE": 0.3146788449847095,
      "MAE": 0.39934206402727535
    }
  },
  "ETTh2": {
    "mask_125": {
      "MSE": 0.1222370732509132,
      "MAE": 0.2398462325157154
    },
    "mask_250": {
      "MSE": 0.08867998987968478,
      "MAE": 0.20053726074596245
    },
    "mask_375": {
      "MSE": 0.08730498563631305,
      "MAE": 0.19872243202158382
    },
    "mask_500": {
      "MSE": 0.09100371838680335,
      "MAE": 0.203687501610035
    },
    "avg": {
      "MSE": 0.0973064417884286,
      "MAE": 0.21069835672332418
    }
  },
  "ETTm1": {
    "mask_125": {
      "MSE": 0.2638838316713061,
      "MAE": 0.3610331054599512
    },
    "mask_250": {
      "MSE": 0.11518110004475429,
      "MAE": 0.23976295719898882
    },
    "mask_375": {
      "MSE": 0.11289963191818624,
      "MAE": 0.23659426461727845
    },
    "mask_500": {
      "MSE": 0.12080730517793979,
      "MAE": 0.24327673709818295
    },
    "avg": {
      "MSE": 0.1531929672030466,
      "MAE": 0.27016676609360035
    }
  },
  "ETTm2": {
    "mask_125": {
      "MSE": 0.10452649710988182,
      "MAE": 0.23049745976570107
    },
    "mask_250": {
      "MSE": 0.05775795949379071,
      "MAE": 0.16056329508622488
    },
    "mask_375": {
      "MSE": 0.05465118829160929,
      "MAE": 0.156340544067678
    },
    "mask_500": {
      "MSE": 0.0598604214743578,
      "MAE": 0.1631926344441516
    },
    "avg": {
      "MSE": 0.0691990165924099,
      "MAE": 0.1776484833409389
    }
  },
  "Weather": {
    "mask_125": {
      "MSE": 0.19064464674161533,
      "MAE": 0.21180908743085133
    },
    "mask_250": {
      "MSE": 0.11778576712984808,
      "MAE": 0.11695468808553876
    },
    "mask_375": {
      "MSE": 0.10701199774386104,
      "MAE": 0.11008696243876502
    },
    "mask_500": {
      "MSE": 0.1129200672215452,
      "MAE": 0.11979593843155141
    },
    "avg": {
      "MSE": 0.13209061970921743,
      "MAE": 0.13966166909667663
    }
  },
  "overall_avg": {
    "MSE": 0.1532935780555624,
    "MAE": 0.23950346785636306
  }
}