{
  "tag": "lotsa_s1_decomp",
  "scale": 1,
  "decomp": 1,
  "train_loss": 0.4212257329744237,
  "forecast": {
    "ETTh1_96": {
      "MSE": 0.9522285092825661,
      "MAE": 0.6367648374097623
    },
    "ETTh1_192": {
      "MSE": 0.5286289552348463,
      "MAE": 0.4859668172494244
    },
    "ETTh1_336": {
      "MSE": 0.7540379133873774,
      "MAE": 0.5706025166389127
    },
    "ETTh1_720": {
      "MSE": 0.6691882859451903,
      "MAE": 0.5584175158716406
    },
    "ETTh2_96": {
      "MSE": 0.4051208818847185,
      "MAE": 0.42147886815550273
    },
    "ETTh2_192": {
      "MSE": 0.4265688761034126,
      "MAE": 0.42980260578419854
    },
    "ETTh2_336": {
      "MSE": 0.44895905207783027,
      "MAE": 0.45229924978959263
    },
    "ETTh2_720": {
      "MSE": 0.46111770343952974,
      "MAE": 0.463260550299628
    },
    "ETTm1_96": {
      "MSE": 0.691796232899884,
      "MAE": 0.5414414021045711
    },
    "ETTm1_192": {
      "MSE": 0.7441365140911634,
      "MAE": 0.5568152639377142
    },
    "ETTm1_336": {
      "MSE": 0.7646753989101152,
      "MAE": 0.5725945909456943
    },
    "ETTm1_720": {
      "MSE": 0.7878462751649012,
      "MAE": 0.5906206027500213
    },
    "ETTm2_96": {
      "MSE": 0.2765657401133372,
      "MAE": 0.33176709878621874
    },
    "ETTm2_192": {
      "MSE": 0.3136757796043387,
      "MAE": 0.35035918071490696
    },
    "ETTm2_336": {
      "MSE": 0.36118648225690614,
      "MAE": 0.38065771439944934
    },
    "ETTm2_720": {
      "MSE": 0.45441963988174183,
      "MAE": 0.4304736871449007
    },
    "Weather_96": {
      "MSE": 0.25822825823663936,
      "MAE": 0.3008391542572378
    },
    "Weather_192": {
      "MSE": 0.2977414983134209,
      "MAE": 0.3248011815354126
    },
    "Weather_336": {
      "MSE": 0.34072248974734887,
      "MAE": 0.35281964970359825
    },
    "Weather_720": {
      "MSE": 0.4019862150500616,
      "MAE": 0.3924952410917426
    },
    "ETTh1_avg": {
      "MSE": 0.7260209159624951,
      "MAE": 0.562937921792435
    },
    "ETTh2_avg": {
      "MSE": 0.43544162837637274,
      "MAE": 0.4417103185072304
    },
    "ETTm1_avg": {
      "MSE": 0.7471136052665159,
      "MAE": 0.5653679649345003
    },
    "ETTm2_avg": {
      "MSE": 0.35146191046408093,
      "MAE": 0.3733144202613689
    },
    "Weather_avg": {
      "MSE": 0.32466961533686767,
      "MAE": 0.3427388066469978
    },
    "overall_avg": {
      "MSE": 0.5169415350812665,
      "MAE": 0.45721388642850647
    }
  },
  "params": 33573251
}