{
  "tag": "lotsa_s10_base_v2",
  "scale": 10,
  "decomp": 0,
  "train_loss": 0.37219797276161815,
  "forecast": {
    "ETTh1_96": {
      "MSE": 1.0423568007246677,
      "MAE": 0.6601733235410011
    },
    "ETTh1_192": {
      "MSE": 0.5237787089140079,
      "MAE": 0.4800387771739995
    },
    "ETTh1_336": {
      "MSE": 0.7591278133953477,
      "MAE": 0.5695191368702988
    },
    "ETTh1_720": {
      "MSE": 0.6930617416332516,
      "MAE": 0.5639914392728443
    },
    "ETTh2_96": {
      "MSE": 0.4298156894293718,
      "MAE": 0.4343335204519623
    },
    "ETTh2_192": {
      "MSE": 0.43146535866848645,
      "MAE": 0.4322343968080859
    },
    "ETTh2_336": {
      "MSE": 0.4677758116972554,
      "MAE": 0.4603949794008081
    },
    "ETTh2_720": {
      "MSE": 0.48756403185324404,
      "MAE": 0.47427842318270946
    },
    "ETTm1_96": {
      "MSE": 0.8448727093218419,
      "MAE": 0.5887375808260237
    },
    "ETTm1_192": {
      "MSE": 0.6103905276212858,
      "MAE": 0.5026159966190583
    },
    "ETTm1_336": {
      "MSE": 0.7482694129661578,
      "MAE": 0.5623286132279085
    },
    "ETTm1_720": {
      "MSE": 0.8757190111976451,
      "MAE": 0.6175303476121918
    },
    "ETTm2_96": {
      "MSE": 0.28973041507440656,
      "MAE": 0.340678979062709
    },
    "ETTm2_192": {
      "MSE": 0.30802060057943387,
      "MAE": 0.3435142198138163
    },
    "ETTm2_336": {
      "MSE": 0.37244426434465266,
      "MAE": 0.38512616339482153
    },
    "ETTm2_720": {
      "MSE": 0.47490078349876164,
      "MAE": 0.4415847150306933
    },
    "Weather_96": {
      "MSE": 0.2672316919145493,
      "MAE": 0.3020528349811816
    },
    "Weather_192": {
      "MSE": 0.293051234072867,
      "MAE": 0.3169953583987926
    },
    "Weather_336": {
      "MSE": 0.34649023436079146,
      "MAE": 0.3535372230224915
    },
    "Weather_720": {
      "MSE": 0.41674770270742334,
      "MAE": 0.399386257184675
    },
    "ETTh1_avg": {
      "MSE": 0.7545812661668188,
      "MAE": 0.5684306692145359
    },
    "ETTh2_avg": {
      "MSE": 0.45415522291208943,
      "MAE": 0.45031032996089143
    },
    "ETTm1_avg": {
      "MSE": 0.7698129152767327,
      "MAE": 0.5678031345712956
    },
    "ETTm2_avg": {
      "MSE": 0.3612740158743136,
      "MAE": 0.37772601932551003
    },
    "Weather_avg": {
      "MSE": 0.33088021576390775,
      "MAE": 0.34299291839678514
    },
    "overall_avg": {
      "MSE": 0.5341407271987724,
      "MAE": 0.46145261429380363
    }
  },
  "params": 32522627
}