{
  "tag": "lotsa_s50_seq512_synth500k_evalbias",
  "scale": 50,
  "decomp": 0,
  "train_loss": 0.19980985115838423,
  "forecast": {
    "ETTh1_96": {
      "MSE": 0.5480604801279816,
      "MAE": 0.5142071234623027
    },
    "ETTh1_192": {
      "MSE": 0.557460309342988,
      "MAE": 0.5221980272055881
    },
    "ETTh1_336": {
      "MSE": 0.5610302489009744,
      "MAE": 0.5265475633069028
    },
    "ETTh1_720": {
      "MSE": 0.5783058032532192,
      "MAE": 0.547346338243276
    },
    "ETTh2_96": {
      "MSE": 0.37265350234531747,
      "MAE": 0.42045137818256567
    },
    "ETTh2_192": {
      "MSE": 0.41331803453800386,
      "MAE": 0.4428803715023733
    },
    "ETTh2_336": {
      "MSE": 0.43452118713403404,
      "MAE": 0.456846008560831
    },
    "ETTh2_720": {
      "MSE": 0.4697033998504201,
      "MAE": 0.48319925719704326
    },
    "ETTm1_96": {
      "MSE": 0.5836830413396532,
      "MAE": 0.5072331475195032
    },
    "ETTm1_192": {
      "MSE": 0.6100705001095063,
      "MAE": 0.5179023594181976
    },
    "ETTm1_336": {
      "MSE": 0.6162143585913095,
      "MAE": 0.528262541174326
    },
    "ETTm1_720": {
      "MSE": 0.6689301809834229,
      "MAE": 0.5501845821449061
    },
    "ETTm2_96": {
      "MSE": 0.2796427956629806,
      "MAE": 0.35474477861000564
    },
    "ETTm2_192": {
      "MSE": 0.3301712450977351,
      "MAE": 0.38110236412842347
    },
    "ETTm2_336": {
      "MSE": 0.37398147156276673,
      "MAE": 0.4043334827915923
    },
    "ETTm2_720": {
      "MSE": 0.4635981910898429,
      "MAE": 0.45289114608739395
    },
    "Weather_96": {
      "MSE": 0.23601688919481012,
      "MAE": 0.296811470595164
    },
    "Weather_192": {
      "MSE": 0.2737144158485421,
      "MAE": 0.3195845728626267
    },
    "Weather_336": {
      "MSE": 0.31956472226025373,
      "MAE": 0.3461679817444754
    },
    "Weather_720": {
      "MSE": 0.3793901038864232,
      "MAE": 0.3873519094727127
    },
    "ETTh1_avg": {
      "MSE": 0.5612142104062908,
      "MAE": 0.5275747630545174
    },
    "ETTh2_avg": {
      "MSE": 0.42254903096694385,
      "MAE": 0.45084425386070326
    },
    "ETTm1_avg": {
      "MSE": 0.6197245202559729,
      "MAE": 0.5258956575642333
    },
    "ETTm2_avg": {
      "MSE": 0.3618484258533313,
      "MAE": 0.39826794290435386
    },
    "Weather_avg": {
      "MSE": 0.3021715327975073,
      "MAE": 0.3374789836687447
    },
    "overall_avg": {
      "MSE": 0.4535015440560093,
      "MAE": 0.4480123202105105
    }
  },
  "params": 32532867
}