{
  "tag": "lotsa_s5_base_v2",
  "scale": 5,
  "decomp": 0,
  "train_loss": 0.36319370405145096,
  "forecast": {
    "ETTh1_96": {
      "MSE": 1.0253087760178208,
      "MAE": 0.6547872992580608
    },
    "ETTh1_192": {
      "MSE": 0.5227969432021509,
      "MAE": 0.4798915069660824
    },
    "ETTh1_336": {
      "MSE": 0.7466003536522925,
      "MAE": 0.5662537031153342
    },
    "ETTh1_720": {
      "MSE": 0.6836918154712347,
      "MAE": 0.5628550860445198
    },
    "ETTh2_96": {
      "MSE": 0.42503991633358096,
      "MAE": 0.4315933631308858
    },
    "ETTh2_192": {
      "MSE": 0.4338250873558061,
      "MAE": 0.4329025286733648
    },
    "ETTh2_336": {
      "MSE": 0.467331963232169,
      "MAE": 0.4598669917671615
    },
    "ETTh2_720": {
      "MSE": 0.4832300463300001,
      "MAE": 0.4723120076517871
    },
    "ETTm1_96": {
      "MSE": 0.7820886856916934,
      "MAE": 0.5697305780804448
    },
    "ETTm1_192": {
      "MSE": 0.710715303293208,
      "MAE": 0.5345878630786647
    },
    "ETTm1_336": {
      "MSE": 0.8376665705544466,
      "MAE": 0.5902959756147322
    },
    "ETTm1_720": {
      "MSE": 0.9286952424106913,
      "MAE": 0.6348428943481568
    },
    "ETTm2_96": {
      "MSE": 0.2846740904417677,
      "MAE": 0.3359666944157417
    },
    "ETTm2_192": {
      "MSE": 0.3117901258705349,
      "MAE": 0.3465329295903468
    },
    "ETTm2_336": {
      "MSE": 0.3740200528391182,
      "MAE": 0.38723921761183
    },
    "ETTm2_720": {
      "MSE": 0.4755766292869996,
      "MAE": 0.4432574233849108
    },
    "Weather_96": {
      "MSE": 0.2642602556010041,
      "MAE": 0.3016842122275915
    },
    "Weather_192": {
      "MSE": 0.29181582736762035,
      "MAE": 0.3171789475057361
    },
    "Weather_336": {
      "MSE": 0.34922615824291664,
      "MAE": 0.3552725461794138
    },
    "Weather_720": {
      "MSE": 0.41492530382144643,
      "MAE": 0.39898478758174294
    },
    "ETTh1_avg": {
      "MSE": 0.7445994720858747,
      "MAE": 0.5659468988459992
    },
    "ETTh2_avg": {
      "MSE": 0.45235675331288905,
      "MAE": 0.44916872280579984
    },
    "ETTm1_avg": {
      "MSE": 0.8147914504875099,
      "MAE": 0.5823643277804996
    },
    "ETTm2_avg": {
      "MSE": 0.3615152246096051,
      "MAE": 0.3782490662507073
    },
    "Weather_avg": {
      "MSE": 0.33005688625824686,
      "MAE": 0.34328012337362107
    },
    "overall_avg": {
      "MSE": 0.5406639573508251,
      "MAE": 0.4638018278113255
    }
  },
  "params": 32522627
}