{
  "tag": "lotsa_s30_v3_seq512",
  "scale": 30,
  "decomp": 0,
  "train_loss": 0.35999020524195846,
  "forecast": {
    "ETTh1_96": {
      "MSE": 0.5414608482391182,
      "MAE": 0.5153963527867675
    },
    "ETTh1_192": {
      "MSE": 0.5495090297023862,
      "MAE": 0.5233645243457168
    },
    "ETTh1_336": {
      "MSE": 0.5429275248337427,
      "MAE": 0.5252364248728622
    },
    "ETTh1_720": {
      "MSE": 0.566091133332241,
      "MAE": 0.5476846145693717
    },
    "ETTh2_96": {
      "MSE": 0.676566593657845,
      "MAE": 0.5652533594514167
    },
    "ETTh2_192": {
      "MSE": 0.8003605851854793,
      "MAE": 0.6113769934701977
    },
    "ETTh2_336": {
      "MSE": 0.9410097285921475,
      "MAE": 0.6611573248899081
    },
    "ETTh2_720": {
      "MSE": 0.7391097926996865,
      "MAE": 0.6025346727360749
    },
    "ETTm1_96": {
      "MSE": 0.6493219778205312,
      "MAE": 0.5384235799201782
    },
    "ETTm1_192": {
      "MSE": 0.6603422292762132,
      "MAE": 0.5442582010452663
    },
    "ETTm1_336": {
      "MSE": 0.6793686799955013,
      "MAE": 0.5563551666329961
    },
    "ETTm1_720": {
      "MSE": 0.7206903869989187,
      "MAE": 0.5703777693832696
    },
    "ETTm2_96": {
      "MSE": 0.5011805564596,
      "MAE": 0.4667134918888397
    },
    "ETTm2_192": {
      "MSE": 0.6114319220585247,
      "MAE": 0.5158969593619823
    },
    "ETTm2_336": {
      "MSE": 0.7319506532295871,
      "MAE": 0.5654297673755951
    },
    "ETTm2_720": {
      "MSE": 0.702502758768555,
      "MAE": 0.5574172491842989
    },
    "Weather_96": {
      "MSE": 0.24806448495574607,
      "MAE": 0.3033463094174109
    },
    "Weather_192": {
      "MSE": 0.284154550570059,
      "MAE": 0.3237938623622922
    },
    "Weather_336": {
      "MSE": 0.32325126957000766,
      "MAE": 0.34738419981670776
    },
    "Weather_720": {
      "MSE": 0.3832643710834964,
      "MAE": 0.3901650536745219
    },
    "ETTh1_avg": {
      "MSE": 0.549997134026872,
      "MAE": 0.5279204791436796
    },
    "ETTh2_avg": {
      "MSE": 0.7892616750337895,
      "MAE": 0.6100805876368993
    },
    "ETTm1_avg": {
      "MSE": 0.6774308185227911,
      "MAE": 0.5523536792454276
    },
    "ETTm2_avg": {
      "MSE": 0.6367664726290667,
      "MAE": 0.5263643669526791
    },
    "Weather_avg": {
      "MSE": 0.3096836690448273,
      "MAE": 0.34117235631773324
    },
    "overall_avg": {
      "MSE": 0.5926279538514694,
      "MAE": 0.5115782938592838
    }
  },
  "params": 32532867
}