{
  "tag": "lotsa_s1_base",
  "scale": 1,
  "decomp": 0,
  "train_loss": 0.41395404104513067,
  "forecast": {
    "ETTh1_96": {
      "MSE": 0.9451346202958049,
      "MAE": 0.6374393836328465
    },
    "ETTh1_192": {
      "MSE": 0.5283552251170641,
      "MAE": 0.4858499613452099
    },
    "ETTh1_336": {
      "MSE": 0.7504531829267514,
      "MAE": 0.5708970860384825
    },
    "ETTh1_720": {
      "MSE": 0.6792000081351087,
      "MAE": 0.5617040394759543
    },
    "ETTh2_96": {
      "MSE": 0.4063809398573881,
      "MAE": 0.42281076494592584
    },
    "ETTh2_192": {
      "MSE": 0.4252229811358109,
      "MAE": 0.4299012791134635
    },
    "ETTh2_336": {
      "MSE": 0.45285622697058625,
      "MAE": 0.454646118041942
    },
    "ETTh2_720": {
      "MSE": 0.47151806049998335,
      "MAE": 0.46836903922930306
    },
    "ETTm1_96": {
      "MSE": 0.7047397935969709,
      "MAE": 0.5487948438135457
    },
    "ETTm1_192": {
      "MSE": 0.7567612591568846,
      "MAE": 0.5619576004989314
    },
    "ETTm1_336": {
      "MSE": 0.8033751033025182,
      "MAE": 0.5839322498042886
    },
    "ETTm1_720": {
      "MSE": 0.8793358042024649,
      "MAE": 0.6195687364039872
    },
    "ETTm2_96": {
      "MSE": 0.2754208820406767,
      "MAE": 0.3312216147726022
    },
    "ETTm2_192": {
      "MSE": 0.31307861180836527,
      "MAE": 0.35109712972900253
    },
    "ETTm2_336": {
      "MSE": 0.3669153262794858,
      "MAE": 0.3843947934442091
    },
    "ETTm2_720": {
      "MSE": 0.46794793042954824,
      "MAE": 0.4387503855319468
    },
    "Weather_96": {
      "MSE": 0.25814102939126277,
      "MAE": 0.30013229384862794
    },
    "Weather_192": {
      "MSE": 0.2959049650970754,
      "MAE": 0.32427873185254447
    },
    "Weather_336": {
      "MSE": 0.3439087635387145,
      "MAE": 0.3554089001831917
    },
    "Weather_720": {
      "MSE": 0.41427175332557764,
      "MAE": 0.40023183296780573
    },
    "ETTh1_avg": {
      "MSE": 0.7257857591186823,
      "MAE": 0.5639726176231232
    },
    "ETTh2_avg": {
      "MSE": 0.4389945521159422,
      "MAE": 0.44393180033265855
    },
    "ETTm1_avg": {
      "MSE": 0.7860529900647096,
      "MAE": 0.5785633576301883
    },
    "ETTm2_avg": {
      "MSE": 0.355840687639519,
      "MAE": 0.3763659808694402
    },
    "Weather_avg": {
      "MSE": 0.3280566278381576,
      "MAE": 0.3450129397130425
    },
    "overall_avg": {
      "MSE": 0.5269461233554021,
      "MAE": 0.46156933923369053
    }
  },
  "params": 32522627
}