{
  "tag": "lotsa_s5_v3_seq512",
  "scale": 5,
  "decomp": 0,
  "train_loss": 0.39515724801144386,
  "forecast": {
    "ETTh1_96": {
      "MSE": 0.5816494664659638,
      "MAE": 0.5324115130503124
    },
    "ETTh1_192": {
      "MSE": 0.578648710790094,
      "MAE": 0.5325328949857632
    },
    "ETTh1_336": {
      "MSE": 0.5643533494147892,
      "MAE": 0.5317799457589386
    },
    "ETTh1_720": {
      "MSE": 0.5675018969967014,
      "MAE": 0.5488657851930774
    },
    "ETTh2_96": {
      "MSE": 0.38666046724838204,
      "MAE": 0.43499560777987073
    },
    "ETTh2_192": {
      "MSE": 0.42868825761508317,
      "MAE": 0.456357390790496
    },
    "ETTh2_336": {
      "MSE": 0.4464027695278765,
      "MAE": 0.4662758087404483
    },
    "ETTh2_720": {
      "MSE": 0.5271889678554404,
      "MAE": 0.5128472029880434
    },
    "ETTm1_96": {
      "MSE": 0.692254309098659,
      "MAE": 0.5643463728444287
    },
    "ETTm1_192": {
      "MSE": 0.7148463123196384,
      "MAE": 0.5683273570134477
    },
    "ETTm1_336": {
      "MSE": 0.7521207337282487,
      "MAE": 0.5881516697301097
    },
    "ETTm1_720": {
      "MSE": 0.7507310624001925,
      "MAE": 0.585710938447196
    },
    "ETTm2_96": {
      "MSE": 0.31190215648254854,
      "MAE": 0.37139317568901725
    },
    "ETTm2_192": {
      "MSE": 0.3562240980913986,
      "MAE": 0.3955292135975039
    },
    "ETTm2_336": {
      "MSE": 0.39335242959677225,
      "MAE": 0.41458982122174265
    },
    "ETTm2_720": {
      "MSE": 0.5177006720299241,
      "MAE": 0.47750897803120523
    },
    "Weather_96": {
      "MSE": 0.24767557290055758,
      "MAE": 0.30454400076906285
    },
    "Weather_192": {
      "MSE": 0.27633150434950166,
      "MAE": 0.3225021335402177
    },
    "Weather_336": {
      "MSE": 0.31426622561796735,
      "MAE": 0.3456015161601396
    },
    "Weather_720": {
      "MSE": 0.37319130503404824,
      "MAE": 0.38739388308084716
    },
    "ETTh1_avg": {
      "MSE": 0.5730383559168871,
      "MAE": 0.5363975347470229
    },
    "ETTh2_avg": {
      "MSE": 0.44723511556169554,
      "MAE": 0.46761900257471467
    },
    "ETTm1_avg": {
      "MSE": 0.7274881043866848,
      "MAE": 0.5766340845087955
    },
    "ETTm2_avg": {
      "MSE": 0.3947948390501609,
      "MAE": 0.41475529713486725
    },
    "Weather_avg": {
      "MSE": 0.3028661519755187,
      "MAE": 0.34001038338756684
    },
    "overall_avg": {
      "MSE": 0.48908451337818937,
      "MAE": 0.4670832604705935
    }
  },
  "params": 32532867
}