{
  "tag": "lotsa_s50_seq720_synth500k_evalbias",
  "scale": 50,
  "decomp": 0,
  "train_loss": 0.18797044802388116,
  "forecast": {
    "ETTh1_96": {
      "MSE": 0.5120759487638923,
      "MAE": 0.5099383740578699
    },
    "ETTh1_192": {
      "MSE": 0.5343150848531666,
      "MAE": 0.5238239967283582
    },
    "ETTh1_336": {
      "MSE": 0.548748146645827,
      "MAE": 0.5365052900875417
    },
    "ETTh1_720": {
      "MSE": 0.558587034268055,
      "MAE": 0.5520774420818817
    },
    "ETTh2_96": {
      "MSE": 0.3864973290137486,
      "MAE": 0.43361447724856056
    },
    "ETTh2_192": {
      "MSE": 0.4288848601198605,
      "MAE": 0.4580159834602125
    },
    "ETTh2_336": {
      "MSE": 0.44099532173526185,
      "MAE": 0.46634827257016015
    },
    "ETTh2_720": {
      "MSE": 0.45603910999563757,
      "MAE": 0.4813991457412022
    },
    "ETTm1_96": {
      "MSE": 0.6035315472153279,
      "MAE": 0.5147145206768141
    },
    "ETTm1_192": {
      "MSE": 0.6127456536251914,
      "MAE": 0.5210248823363484
    },
    "ETTm1_336": {
      "MSE": 0.6235862895405373,
      "MAE": 0.529130073258433
    },
    "ETTm1_720": {
      "MSE": 0.6412262594125413,
      "MAE": 0.5420014900121073
    },
    "ETTm2_96": {
      "MSE": 0.3104572891419167,
      "MAE": 0.37328586536949815
    },
    "ETTm2_192": {
      "MSE": 0.34941251280564894,
      "MAE": 0.39453482773230364
    },
    "ETTm2_336": {
      "MSE": 0.3883612290649876,
      "MAE": 0.4151307873185209
    },
    "ETTm2_720": {
      "MSE": 0.4499516227437355,
      "MAE": 0.4494586417059285
    },
    "Weather_96": {
      "MSE": 0.24539938891353386,
      "MAE": 0.3024711525987836
    },
    "Weather_192": {
      "MSE": 0.27677848877661526,
      "MAE": 0.3208693644655487
    },
    "Weather_336": {
      "MSE": 0.31957711221007956,
      "MAE": 0.3468260205905653
    },
    "Weather_720": {
      "MSE": 0.38184418955402216,
      "MAE": 0.3845219300760588
    },
    "ETTh1_avg": {
      "MSE": 0.5384315536327352,
      "MAE": 0.5305862757389128
    },
    "ETTh2_avg": {
      "MSE": 0.4281041552161271,
      "MAE": 0.45984446975503385
    },
    "ETTm1_avg": {
      "MSE": 0.6202724374483994,
      "MAE": 0.5267177415709257
    },
    "ETTm2_avg": {
      "MSE": 0.3745456634390722,
      "MAE": 0.4081025305315628
    },
    "Weather_avg": {
      "MSE": 0.3058997948635627,
      "MAE": 0.3386721169327391
    },
    "overall_avg": {
      "MSE": 0.4534507209199794,
      "MAE": 0.4527846269058348
    }
  },
  "params": 32539523
}