{
  "tag": "lotsa_s5_decomp_v2",
  "scale": 5,
  "decomp": 1,
  "train_loss": 0.3689044163837819,
  "forecast": {
    "ETTh1_96": {
      "MSE": 0.986556289845511,
      "MAE": 0.6429629296895787
    },
    "ETTh1_192": {
      "MSE": 0.5233263002777081,
      "MAE": 0.4788230743831022
    },
    "ETTh1_336": {
      "MSE": 0.7459054428269636,
      "MAE": 0.5650771698661061
    },
    "ETTh1_720": {
      "MSE": 0.6835508576322479,
      "MAE": 0.5618855750848823
    },
    "ETTh2_96": {
      "MSE": 0.413852594292729,
      "MAE": 0.42538084608332155
    },
    "ETTh2_192": {
      "MSE": 0.42827874459778115,
      "MAE": 0.4297204880097513
    },
    "ETTh2_336": {
      "MSE": 0.455131991358883,
      "MAE": 0.4541674031777128
    },
    "ETTh2_720": {
      "MSE": 0.4764319379042865,
      "MAE": 0.46902496513660613
    },
    "ETTm1_96": {
      "MSE": 0.7661793424015562,
      "MAE": 0.5626501302550471
    },
    "ETTm1_192": {
      "MSE": 0.685347937825874,
      "MAE": 0.5252948616711892
    },
    "ETTm1_336": {
      "MSE": 0.7794969706318093,
      "MAE": 0.5734683826183553
    },
    "ETTm1_720": {
      "MSE": 0.8801684268186069,
      "MAE": 0.6191055891741415
    },
    "ETTm2_96": {
      "MSE": 0.2797617671503839,
      "MAE": 0.33288446051038767
    },
    "ETTm2_192": {
      "MSE": 0.3088949321515707,
      "MAE": 0.3449537862740636
    },
    "ETTm2_336": {
      "MSE": 0.3662840151597576,
      "MAE": 0.3826404852890443
    },
    "ETTm2_720": {
      "MSE": 0.46911221923156654,
      "MAE": 0.43876127292649175
    },
    "Weather_96": {
      "MSE": 0.26061373182824876,
      "MAE": 0.29724963915758534
    },
    "Weather_192": {
      "MSE": 0.2903428645507135,
      "MAE": 0.3157981177405393
    },
    "Weather_336": {
      "MSE": 0.34205007722976905,
      "MAE": 0.3511729586156302
    },
    "Weather_720": {
      "MSE": 0.40969083928285077,
      "MAE": 0.39603265276940786
    },
    "ETTh1_avg": {
      "MSE": 0.7348347226456077,
      "MAE": 0.5621871872559173
    },
    "ETTh2_avg": {
      "MSE": 0.44342381703841993,
      "MAE": 0.4445734256018479
    },
    "ETTm1_avg": {
      "MSE": 0.7777981694194617,
      "MAE": 0.5701297409296833
    },
    "ETTm2_avg": {
      "MSE": 0.3560132334233197,
      "MAE": 0.37481000124999686
    },
    "Weather_avg": {
      "MSE": 0.32567437822289547,
      "MAE": 0.34006334207079064
    },
    "overall_avg": {
      "MSE": 0.527548864149941,
      "MAE": 0.4583527394216472
    }
  },
  "params": 33573251
}