{
  "tag": "lotsa_s10_v3_seq512",
  "scale": 10,
  "decomp": 0,
  "train_loss": 0.39816665244642174,
  "forecast": {
    "ETTh1_96": {
      "MSE": 0.6029106766116883,
      "MAE": 0.5307013494722583
    },
    "ETTh1_192": {
      "MSE": 0.6026611988128757,
      "MAE": 0.5354899766326835
    },
    "ETTh1_336": {
      "MSE": 0.5806390504724516,
      "MAE": 0.5361226720057529
    },
    "ETTh1_720": {
      "MSE": 0.5790196735890025,
      "MAE": 0.5535895759519106
    },
    "ETTh2_96": {
      "MSE": 0.38587476807151855,
      "MAE": 0.4351242087093182
    },
    "ETTh2_192": {
      "MSE": 0.40866018617205985,
      "MAE": 0.442106917094749
    },
    "ETTh2_336": {
      "MSE": 0.4231976702061463,
      "MAE": 0.4507771308729612
    },
    "ETTh2_720": {
      "MSE": 0.45553082123463495,
      "MAE": 0.4756046769713578
    },
    "ETTm1_96": {
      "MSE": 0.6999827089236298,
      "MAE": 0.5541216862555269
    },
    "ETTm1_192": {
      "MSE": 0.7212802036896565,
      "MAE": 0.566610528575809
    },
    "ETTm1_336": {
      "MSE": 0.7417910565116487,
      "MAE": 0.5813146838724669
    },
    "ETTm1_720": {
      "MSE": 0.7484744628506486,
      "MAE": 0.585962102091528
    },
    "ETTm2_96": {
      "MSE": 0.29928928115991,
      "MAE": 0.36570293656693675
    },
    "ETTm2_192": {
      "MSE": 0.33289366764965833,
      "MAE": 0.38178588905728006
    },
    "ETTm2_336": {
      "MSE": 0.3740767778714741,
      "MAE": 0.4025622336399714
    },
    "ETTm2_720": {
      "MSE": 0.48292955301254825,
      "MAE": 0.45614076650620194
    },
    "Weather_96": {
      "MSE": 0.24885290720132794,
      "MAE": 0.30418309936142524
    },
    "Weather_192": {
      "MSE": 0.27368181220724086,
      "MAE": 0.31937661020758706
    },
    "Weather_336": {
      "MSE": 0.31348891015742014,
      "MAE": 0.34456961899229976
    },
    "Weather_720": {
      "MSE": 0.37890844524678935,
      "MAE": 0.388542532024609
    },
    "ETTh1_avg": {
      "MSE": 0.5913076498715045,
      "MAE": 0.5389758935156513
    },
    "ETTh2_avg": {
      "MSE": 0.4183158614210899,
      "MAE": 0.45090323341209654
    },
    "ETTm1_avg": {
      "MSE": 0.727882107993896,
      "MAE": 0.5720022501988327
    },
    "ETTm2_avg": {
      "MSE": 0.37229731992339765,
      "MAE": 0.40154795644259755
    },
    "Weather_avg": {
      "MSE": 0.3037330187031946,
      "MAE": 0.3391679651464803
    },
    "overall_avg": {
      "MSE": 0.48270719158261655,
      "MAE": 0.4605194597431317
    }
  },
  "params": 32532867
}