{
  "ETTh1_96": {
    "MSE": 0.45692376748965174,
    "MAE": 0.4688004591675424
  },
  "ETTh1_192": {
    "MSE": 0.48952354510696583,
    "MAE": 0.4919158360966712
  },
  "ETTh1_336": {
    "MSE": 0.5150381136065599,
    "MAE": 0.5116726899553543
  },
  "ETTh1_720": {
    "MSE": 0.5632389329440083,
    "MAE": 0.5489033227475509
  },
  "ETTh2_96": {
    "MSE": 32.21790699280694,
    "MAE": 4.34908890538061
  },
  "ETTh2_192": {
    "MSE": 54.494560558845045,
    "MAE": 5.73234130422292
  },
  "ETTh2_336": {
    "MSE": 70.66472572156553,
    "MAE": 6.596320679995231
  },
  "ETTh2_720": {
    "MSE": 52.15320503068215,
    "MAE": 5.437141002286916
  },
  "ETTm1_96": {
    "MSE": 0.37701659879135174,
    "MAE": 0.4062053894962872
  },
  "ETTm1_192": {
    "MSE": 0.4010548314439257,
    "MAE": 0.41850825849452494
  },
  "ETTm1_336": {
    "MSE": 0.4265859141678438,
    "MAE": 0.4329258451339739
  },
  "ETTm1_720": {
    "MSE": 0.47490113729527694,
    "MAE": 0.46010831216812886
  },
  "ETTm2_96": {
    "MSE": 38.61480139236477,
    "MAE": 4.00531570108608
  },
  "ETTm2_192": {
    "MSE": 72.19639444690283,
    "MAE": 5.5147123417597665
  },
  "ETTm2_336": {
    "MSE": 119.95379569668755,
    "MAE": 7.161825159350623
  },
  "ETTm2_720": {
    "MSE": 215.09876217885883,
    "MAE": 10.102587172346222
  },
  "Weather_96": {
    "MSE": 318.1093689399397,
    "MAE": 10.901683154426648
  },
  "Weather_192": {
    "MSE": 403.80824415558243,
    "MAE": 12.492827823895047
  },
  "Weather_336": {
    "MSE": 462.9219503879033,
    "MAE": 13.455687162264638
  },
  "Weather_720": {
    "MSE": 385.7261641155768,
    "MAE": 12.337108548731223
  },
  "ETTh1_avg": {
    "MSE": 0.5061810897867964,
    "MAE": 0.5053230769917797
  },
  "ETTh2_avg": {
    "MSE": 52.38259957597492,
    "MAE": 5.528722972971419
  },
  "ETTm1_avg": {
    "MSE": 0.41988962042459954,
    "MAE": 0.42943695132322873
  },
  "ETTm2_avg": {
    "MSE": 111.4659384287035,
    "MAE": 6.696110093635673
  },
  "Weather_avg": {
    "MSE": 392.6414318997506,
    "MAE": 12.296826672329388
  },
  "overall_avg": {
    "MSE": 111.48320812292809,
    "MAE": 5.091283953450298
  }
}