{
  "ETTh1_96": {
    "MSE": 0.46232602708694953,
    "MAE": 0.4645098045646044
  },
  "ETTh1_192": {
    "MSE": 0.508092662401229,
    "MAE": 0.490977959667896
  },
  "ETTh1_336": {
    "MSE": 0.5452713831021249,
    "MAE": 0.5120412066135552
  },
  "ETTh1_720": {
    "MSE": 0.5813198986149196,
    "MAE": 0.5447035956805938
  },
  "ETTh2_96": {
    "MSE": 0.3112586275245347,
    "MAE": 0.36619746274988174
  },
  "ETTh2_192": {
    "MSE": 0.369443365653421,
    "MAE": 0.4029096656248424
  },
  "ETTh2_336": {
    "MSE": 0.3989697788904102,
    "MAE": 0.4261380770596316
  },
  "ETTh2_720": {
    "MSE": 0.45551069938986083,
    "MAE": 0.47398326790965406
  },
  "ETTm1_96": {
    "MSE": 0.3763689553388009,
    "MAE": 0.40859587698830185
  },
  "ETTm1_192": {
    "MSE": 0.40738601726097123,
    "MAE": 0.4250824175439271
  },
  "ETTm1_336": {
    "MSE": 0.4411141381074735,
    "MAE": 0.4437313865666832
  },
  "ETTm1_720": {
    "MSE": 0.48872411468068355,
    "MAE": 0.46838619005577675
  },
  "ETTm2_96": {
    "MSE": 0.16962409578217943,
    "MAE": 0.2639852482527634
  },
  "ETTm2_192": {
    "MSE": 0.22483215672426632,
    "MAE": 0.3025015041729414
  },
  "ETTm2_336": {
    "MSE": 0.27735747006766853,
    "MAE": 0.33713676198761244
  },
  "ETTm2_720": {
    "MSE": 0.35751973864257763,
    "MAE": 0.3878985866701752
  },
  "Weather_96": {
    "MSE": 0.1569381705905607,
    "MAE": 0.2137430679345029
  },
  "Weather_192": {
    "MSE": 0.20204516441207887,
    "MAE": 0.2556653106359384
  },
  "Weather_336": {
    "MSE": 0.25252466146689123,
    "MAE": 0.2965573030931541
  },
  "Weather_720": {
    "MSE": 0.3214735363963799,
    "MAE": 0.34773714836780373
  },
  "ETTh1_avg": {
    "MSE": 0.5242524928013057,
    "MAE": 0.5030581416316624
  },
  "ETTh2_avg": {
    "MSE": 0.3837956178645567,
    "MAE": 0.4173071183360024
  },
  "ETTm1_avg": {
    "MSE": 0.4283983063469823,
    "MAE": 0.43644896778867226
  },
  "ETTm2_avg": {
    "MSE": 0.257333365304173,
    "MAE": 0.32288052527087313
  },
  "Weather_avg": {
    "MSE": 0.23324538321647767,
    "MAE": 0.2784257075078498
  },
  "overall_avg": {
    "MSE": 0.36540503310669903,
    "MAE": 0.391624092107012
  }
}