{
  "ETTh1": {
    "mask_125": {
      "MSE": 0.26633551965600677,
      "MAE": 0.36686190405771846
    },
    "mask_250": {
      "MSE": 0.21470504314860417,
      "MAE": 0.32801892572925206
    },
    "mask_375": {
      "MSE": 0.21304692434856579,
      "MAE": 0.3239792415783519
    },
    "mask_500": {
      "MSE": 0.25174771686572406,
      "MAE": 0.3508234507271222
    },
    "avg": {
      "MSE": 0.2364588010047252,
      "MAE": 0.34242088052311115
    }
  },
  "ETTh2": {
    "mask_125": {
      "MSE": 0.08334275063215976,
      "MAE": 0.1925238532502027
    },
    "mask_250": {
      "MSE": 0.07615793681747857,
      "MAE": 0.18123927290240924
    },
    "mask_375": {
      "MSE": 0.07701454839469599,
      "MAE": 0.18211198940518356
    },
    "mask_500": {
      "MSE": 0.0822114394800294,
      "MAE": 0.1892915507689828
    },
    "avg": {
      "MSE": 0.07968166883109093,
      "MAE": 0.18629166658169455
    }
  },
  "ETTm1": {
    "mask_125": {
      "MSE": 0.1219794293577295,
      "MAE": 0.24607938322282974
    },
    "mask_250": {
      "MSE": 0.0908318656263873,
      "MAE": 0.21142975389957427
    },
    "mask_375": {
      "MSE": 0.08596063712722667,
      "MAE": 0.20371408425271512
    },
    "mask_500": {
      "MSE": 0.09364056165906645,
      "MAE": 0.21082830005103634
    },
    "avg": {
      "MSE": 0.09810312344260247,
      "MAE": 0.21801288035653887
    }
  },
  "ETTm2": {
    "mask_125": {
      "MSE": 0.06920574978437452,
      "MAE": 0.17783701792359352
    },
    "mask_250": {
      "MSE": 0.05023898640869274,
      "MAE": 0.14636005464763868
    },
    "mask_375": {
      "MSE": 0.047580331810084836,
      "MAE": 0.1415791900030204
    },
    "mask_500": {
      "MSE": 0.053330187080428006,
      "MAE": 0.1518196539509864
    },
    "avg": {
      "MSE": 0.05508881377089502,
      "MAE": 0.15439897913130976
    }
  },
  "Weather": {
    "mask_125": {
      "MSE": 0.1284345433027233,
      "MAE": 0.141928985039334
    },
    "mask_250": {
      "MSE": 0.0979485251606728,
      "MAE": 0.10298351002191859
    },
    "mask_375": {
      "MSE": 0.09240203724483373,
      "MAE": 0.09833313582745927
    },
    "mask_500": {
      "MSE": 0.10015411440396299,
      "MAE": 0.11271192887206635
    },
    "avg": {
      "MSE": 0.1047348050280482,
      "MAE": 0.11398938994019456
    }
  },
  "overall_avg": {
    "MSE": 0.11481344241547235,
    "MAE": 0.2030227593065698
  }
}