{
  "ETTh1_96": {
    "MSE": 0.4180151738469106,
    "MAE": 0.432131469421065
  },
  "ETTh1_192": {
    "MSE": 0.4497881875108982,
    "MAE": 0.4506887175822113
  },
  "ETTh1_336": {
    "MSE": 0.46673528724994845,
    "MAE": 0.4620854379355004
  },
  "ETTh1_720": {
    "MSE": 0.4998981961589189,
    "MAE": 0.4898718539254335
  },
  "ETTh2_96": {
    "MSE": 0.31361283421613995,
    "MAE": 0.36557966515243057
  },
  "ETTh2_192": {
    "MSE": 0.36750384815278336,
    "MAE": 0.40104454817139334
  },
  "ETTh2_336": {
    "MSE": 0.39180439099955033,
    "MAE": 0.41844949388134745
  },
  "ETTh2_720": {
    "MSE": 0.4190073667626454,
    "MAE": 0.4497352149391475
  },
  "ETTm1_96": {
    "MSE": 0.4013535030357005,
    "MAE": 0.39563148878130333
  },
  "ETTm1_192": {
    "MSE": 0.43491760720433037,
    "MAE": 0.41493702993040144
  },
  "ETTm1_336": {
    "MSE": 0.46317424612711733,
    "MAE": 0.43055185425901293
  },
  "ETTm1_720": {
    "MSE": 0.49913558123670065,
    "MAE": 0.45354715666372664
  },
  "ETTm2_96": {
    "MSE": 0.2149907776954612,
    "MAE": 0.29313654041699005
  },
  "ETTm2_192": {
    "MSE": 0.2833110022282091,
    "MAE": 0.3355710238663532
  },
  "ETTm2_336": {
    "MSE": 0.3395730568648613,
    "MAE": 0.36923504166241566
  },
  "ETTm2_720": {
    "MSE": 0.4181340496513204,
    "MAE": 0.42063938417224467
  },
  "Weather_96": {
    "MSE": 0.20413653233807127,
    "MAE": 0.2553653040295607
  },
  "Weather_192": {
    "MSE": 0.26255853651736655,
    "MAE": 0.30334748101972675
  },
  "Weather_336": {
    "MSE": 0.3201637795397907,
    "MAE": 0.34152037962537213
  },
  "Weather_720": {
    "MSE": 0.3931078991145854,
    "MAE": 0.38543376765023374
  },
  "ETTh1_avg": {
    "MSE": 0.45860921119166903,
    "MAE": 0.45869436971605254
  },
  "ETTh2_avg": {
    "MSE": 0.3729821100327797,
    "MAE": 0.4087022305360797
  },
  "ETTm1_avg": {
    "MSE": 0.4496452344009622,
    "MAE": 0.42366688240861106
  },
  "ETTm2_avg": {
    "MSE": 0.314002221609963,
    "MAE": 0.3546454975295009
  },
  "Weather_avg": {
    "MSE": 0.2949916868774535,
    "MAE": 0.3214167330812233
  },
  "overall_avg": {
    "MSE": 0.3780460928225655,
    "MAE": 0.3934251426542935
  }
}