{
  "EthanolConcentration": {
    "train_acc": 0.30268198251724243,
    "test_acc": 0.2509505703422053,
    "n_classes": 4
  },
  "FaceDetection": {
    "train_acc": 0.5928692817687988,
    "test_acc": 0.5664018161180476,
    "n_classes": 2
  },
  "Handwriting": {
    "train_acc": 0.48000001907348633,
    "test_acc": 0.12705882352941175,
    "n_classes": 26
  },
  "Heartbeat": {
    "train_acc": 0.7254902124404907,
    "test_acc": 0.7268292682926829,
    "n_classes": 2
  },
  "JapaneseVowels": {
    "train_acc": 0.38148146867752075,
    "test_acc": 0.20810810810810812,
    "n_classes": 9
  },
  "PEMS-SF": {
    "train_acc": 0.5580524206161499,
    "test_acc": 0.4913294797687861,
    "n_classes": 7
  },
  "SelfRegulationSCP1": {
    "train_acc": 0.8134328126907349,
    "test_acc": 0.7610921501706485,
    "n_classes": 2
  },
  "SelfRegulationSCP2": {
    "train_acc": 0.675000011920929,
    "test_acc": 0.5388888888888889,
    "n_classes": 2
  },
  "SpokenArabicDigits": {
    "train_acc": 0.7411729097366333,
    "test_acc": 0.3769895407003183,
    "n_classes": 10
  },
  "UWaveGestureLibrary": {
    "train_acc": 0.8583333492279053,
    "test_acc": 0.65,
    "n_classes": 8
  },
  "AVG": 0.4697648645919098
}