{
  "tag": "overnight_seq512_e80_s50",
  "scale": 50,
  "decomp": 0,
  "train_loss": 0.3290098509885001,
  "forecast": {
    "ETTh1_96": {
      "MSE": 0.5369275039793978,
      "MAE": 0.5211218532586032
    },
    "ETTh1_192": {
      "MSE": 0.545990181655162,
      "MAE": 0.5225826873215527
    },
    "ETTh1_336": {
      "MSE": 0.5443550602954668,
      "MAE": 0.5232819808321593
    },
    "ETTh1_720": {
      "MSE": 0.585125857948028,
      "MAE": 0.5542917297878502
    },
    "ETTh2_96": {
      "MSE": 0.4093237046242795,
      "MAE": 0.44774799713819236
    },
    "ETTh2_192": {
      "MSE": 0.4576637501430057,
      "MAE": 0.47350034772701255
    },
    "ETTh2_336": {
      "MSE": 0.4835524899690689,
      "MAE": 0.4891583517461022
    },
    "ETTh2_720": {
      "MSE": 0.4883627474046896,
      "MAE": 0.4974925061266659
    },
    "ETTm1_96": {
      "MSE": 0.599973854689546,
      "MAE": 0.5161913680439455
    },
    "ETTm1_192": {
      "MSE": 0.6025398069154964,
      "MAE": 0.5227786754239075
    },
    "ETTm1_336": {
      "MSE": 0.6120798823071448,
      "MAE": 0.530764615514744
    },
    "ETTm1_720": {
      "MSE": 0.6570466082656335,
      "MAE": 0.5499639174913066
    },
    "ETTm2_96": {
      "MSE": 0.32496755860144494,
      "MAE": 0.3813491541838851
    },
    "ETTm2_192": {
      "MSE": 0.37551307157583286,
      "MAE": 0.4086667206488325
    },
    "ETTm2_336": {
      "MSE": 0.41687464429969584,
      "MAE": 0.4310382778842597
    },
    "ETTm2_720": {
      "MSE": 0.48672464505145585,
      "MAE": 0.46651264875165205
    },
    "Weather_96": {
      "MSE": 0.24636357986004376,
      "MAE": 0.30373329745807265
    },
    "Weather_192": {
      "MSE": 0.2810004527487257,
      "MAE": 0.32481559906933927
    },
    "Weather_336": {
      "MSE": 0.3280822914410125,
      "MAE": 0.3525625741827176
    },
    "Weather_720": {
      "MSE": 0.3912405867246347,
      "MAE": 0.395276388667193
    },
    "ETTh1_avg": {
      "MSE": 0.5530996509695136,
      "MAE": 0.5303195628000413
    },
    "ETTh2_avg": {
      "MSE": 0.45972567303526096,
      "MAE": 0.47697480068449327
    },
    "ETTm1_avg": {
      "MSE": 0.6179100380444552,
      "MAE": 0.5299246441184758
    },
    "ETTm2_avg": {
      "MSE": 0.40101997988210736,
      "MAE": 0.42189170036715734
    },
    "Weather_avg": {
      "MSE": 0.31167172769360413,
      "MAE": 0.34409696484433067
    },
    "overall_avg": {
      "MSE": 0.4686854139249882,
      "MAE": 0.46064153456289975
    }
  },
  "params": 32532867
}