{
  "ETTh1": {
    "mask_125": {
      "MSE": 0.5040573089427891,
      "MAE": 0.5033719908623469
    },
    "mask_250": {
      "MSE": 0.3021193334921485,
      "MAE": 0.39540174773761205
    },
    "mask_375": {
      "MSE": 0.30072502846873944,
      "MAE": 0.3901682730941545
    },
    "mask_500": {
      "MSE": 0.34891473147131147,
      "MAE": 0.41777646499020715
    },
    "avg": {
      "MSE": 0.3639541005937471,
      "MAE": 0.42667961917108016
    }
  },
  "ETTh2": {
    "mask_125": {
      "MSE": 0.11149363243686301,
      "MAE": 0.23220515465807348
    },
    "mask_250": {
      "MSE": 0.10315216216258705,
      "MAE": 0.22127603361649173
    },
    "mask_375": {
      "MSE": 0.10319675695195439,
      "MAE": 0.22008577287197112
    },
    "mask_500": {
      "MSE": 0.10505149607502279,
      "MAE": 0.2225221935659647
    },
    "avg": {
      "MSE": 0.10572351190660681,
      "MAE": 0.22402228867812524
    }
  },
  "ETTm1": {
    "mask_125": {
      "MSE": 0.632559571104745,
      "MAE": 0.5011532376564685
    },
    "mask_250": {
      "MSE": 0.12197303814547403,
      "MAE": 0.2514362874130408
    },
    "mask_375": {
      "MSE": 0.12024683845451191,
      "MAE": 0.24813015539021718
    },
    "mask_500": {
      "MSE": 0.13426137205568098,
      "MAE": 0.25966457632325946
    },
    "avg": {
      "MSE": 0.252260204940103,
      "MAE": 0.3150960641957465
    }
  },
  "ETTm2": {
    "mask_125": {
      "MSE": 0.13933510936331003,
      "MAE": 0.2552604191537414
    },
    "mask_250": {
      "MSE": 0.07172379569993133,
      "MAE": 0.18007501995279676
    },
    "mask_375": {
      "MSE": 0.06940493872610941,
      "MAE": 0.17653511565710817
    },
    "mask_500": {
      "MSE": 0.07661591705067881,
      "MAE": 0.18804354374962193
    },
    "avg": {
      "MSE": 0.0892699402100074,
      "MAE": 0.19997852462831706
    }
  },
  "Weather": {
    "mask_125": {
      "MSE": 0.2345468397597985,
      "MAE": 0.24760577488128865
    },
    "mask_250": {
      "MSE": 0.13835209525600403,
      "MAE": 0.15227348688575956
    },
    "mask_375": {
      "MSE": 0.12443597322019323,
      "MAE": 0.1395077215152837
    },
    "mask_500": {
      "MSE": 0.12859433024301353,
      "MAE": 0.1457775865969736
    },
    "avg": {
      "MSE": 0.15648230961975232,
      "MAE": 0.17129114246982638
    }
  },
  "overall_avg": {
    "MSE": 0.19353801345404334,
    "MAE": 0.26741352782861905
  }
}