{
  "tag": "overnight_nq128_s50",
  "scale": 50,
  "decomp": 0,
  "train_loss": 0.37676376515984844,
  "forecast": {
    "ETTh1_96": {
      "MSE": 0.5509730128563519,
      "MAE": 0.5227322671736879
    },
    "ETTh1_192": {
      "MSE": 0.5545800005993858,
      "MAE": 0.5240931189534891
    },
    "ETTh1_336": {
      "MSE": 0.5536951435802099,
      "MAE": 0.5303575535912196
    },
    "ETTh1_720": {
      "MSE": 0.5860777019997868,
      "MAE": 0.5560918477380784
    },
    "ETTh2_96": {
      "MSE": 0.3804653311305539,
      "MAE": 0.43234223271718586
    },
    "ETTh2_192": {
      "MSE": 0.427323924978854,
      "MAE": 0.45750273014230664
    },
    "ETTh2_336": {
      "MSE": 0.46844565581555003,
      "MAE": 0.4814217124233305
    },
    "ETTh2_720": {
      "MSE": 0.48820242144757037,
      "MAE": 0.49634868370127316
    },
    "ETTm1_96": {
      "MSE": 0.621955560435354,
      "MAE": 0.52777769736353
    },
    "ETTm1_192": {
      "MSE": 0.6250250776212068,
      "MAE": 0.5309184301034441
    },
    "ETTm1_336": {
      "MSE": 0.6313971798627749,
      "MAE": 0.5409676270452555
    },
    "ETTm1_720": {
      "MSE": 0.6833684430432677,
      "MAE": 0.5574368422415494
    },
    "ETTm2_96": {
      "MSE": 0.3018920531765269,
      "MAE": 0.36943599583728015
    },
    "ETTm2_192": {
      "MSE": 0.35409778734252956,
      "MAE": 0.3966066698802563
    },
    "ETTm2_336": {
      "MSE": 0.4035879285084537,
      "MAE": 0.4235209662533332
    },
    "ETTm2_720": {
      "MSE": 0.47967297371496137,
      "MAE": 0.4628717158546574
    },
    "Weather_96": {
      "MSE": 0.24296979963243356,
      "MAE": 0.30348526466716214
    },
    "Weather_192": {
      "MSE": 0.2765543239989429,
      "MAE": 0.3235665060873589
    },
    "Weather_336": {
      "MSE": 0.31876726955348317,
      "MAE": 0.34868856608359494
    },
    "Weather_720": {
      "MSE": 0.3850072484186713,
      "MAE": 0.3922083749198881
    },
    "ETTh1_avg": {
      "MSE": 0.5613314647589336,
      "MAE": 0.5333186968641187
    },
    "ETTh2_avg": {
      "MSE": 0.4411093333431321,
      "MAE": 0.466903839746024
    },
    "ETTm1_avg": {
      "MSE": 0.6404365652406508,
      "MAE": 0.5392751491884448
    },
    "ETTm2_avg": {
      "MSE": 0.3848126856856179,
      "MAE": 0.41310883695638173
    },
    "Weather_avg": {
      "MSE": 0.30582466040088274,
      "MAE": 0.341987177939501
    },
    "overall_avg": {
      "MSE": 0.46670294188584344,
      "MAE": 0.45891874013889405
    }
  },
  "params": 32532867
}