{
  "ETTh1": {
    "mask_125": {
      "MSE": 0.2281913012266159,
      "MAE": 0.3526601791381836,
      "best_ep": 0
    },
    "mask_250": {
      "MSE": 0.19666311740875245,
      "MAE": 0.32025389075279237,
      "best_ep": 0
    },
    "mask_375": {
      "MSE": 0.19075838327407837,
      "MAE": 0.3166392147541046,
      "best_ep": 0
    },
    "mask_500": {
      "MSE": 0.20885141491889953,
      "MAE": 0.3299896538257599,
      "best_ep": 0
    },
    "avg": {
      "MSE": 0.20611605420708656,
      "MAE": 0.3298857346177101
    }
  },
  "ETTh2": {
    "mask_125": {
      "MSE": 0.09198335856199265,
      "MAE": 0.20136872828006744,
      "best_ep": 0
    },
    "mask_250": {
      "MSE": 0.0745443880558014,
      "MAE": 0.1809993028640747,
      "best_ep": 0
    },
    "mask_375": {
      "MSE": 0.07409631311893464,
      "MAE": 0.18140640258789062,
      "best_ep": 0
    },
    "mask_500": {
      "MSE": 0.07114640176296234,
      "MAE": 0.18004221618175506,
      "best_ep": 0
    },
    "avg": {
      "MSE": 0.07794261537492275,
      "MAE": 0.18595416247844695
    }
  },
  "ETTm1": {
    "mask_125": {
      "MSE": 0.12120510041713714,
      "MAE": 0.24848638474941254,
      "best_ep": 0
    },
    "mask_250": {
      "MSE": 0.08888731747865677,
      "MAE": 0.20341066420078277,
      "best_ep": 0
    },
    "mask_375": {
      "MSE": 0.08798362463712692,
      "MAE": 0.20215179324150084,
      "best_ep": 0
    },
    "mask_500": {
      "MSE": 0.09916354864835739,
      "MAE": 0.21315258443355561,
      "best_ep": 0
    },
    "avg": {
      "MSE": 0.09930989779531957,
      "MAE": 0.21680035665631292
    }
  },
  "ETTm2": {
    "mask_125": {
      "MSE": 0.11503860950469971,
      "MAE": 0.22015573978424072,
      "best_ep": 0
    },
    "mask_250": {
      "MSE": 0.050614121556282046,
      "MAE": 0.15002907812595367,
      "best_ep": 0
    },
    "mask_375": {
      "MSE": 0.048129191249608995,
      "MAE": 0.14031638503074645,
      "best_ep": 0
    },
    "mask_500": {
      "MSE": 0.05191497877240181,
      "MAE": 0.14971859753131866,
      "best_ep": 0
    },
    "avg": {
      "MSE": 0.06642422527074815,
      "MAE": 0.16505495011806487
    }
  },
  "Weather": {
    "mask_125": {
      "MSE": 0.1818762242794037,
      "MAE": 0.16631145179271697,
      "best_ep": 0
    },
    "mask_250": {
      "MSE": 0.09229882508516311,
      "MAE": 0.09975000619888305,
      "best_ep": 0
    },
    "mask_375": {
      "MSE": 0.1027401015162468,
      "MAE": 0.10017756372690201,
      "best_ep": 0
    },
    "mask_500": {
      "MSE": 0.10332862287759781,
      "MAE": 0.10342094898223878,
      "best_ep": 0
    },
    "avg": {
      "MSE": 0.12006094343960286,
      "MAE": 0.11741499267518521
    }
  },
  "overall": {
    "MSE": 0.11397074721753597,
    "MAE": 0.20302203930914403
  }
}