{
  "ETTh1_96": {
    "MSE": 0.7183417970881143,
    "MAE": 0.5680290869254572
  },
  "ETTh1_192": {
    "MSE": 0.7076267646815865,
    "MAE": 0.5687266408959116
  },
  "ETTh1_336": {
    "MSE": 0.7250224895148286,
    "MAE": 0.5817547060417665
  },
  "ETTh1_720": {
    "MSE": 0.7277432600205354,
    "MAE": 0.6021029623584652
  },
  "ETTh2_96": {
    "MSE": 0.3955205532035574,
    "MAE": 0.41568297387916026
  },
  "ETTh2_192": {
    "MSE": 0.4330138045737856,
    "MAE": 0.4394157358227944
  },
  "ETTh2_336": {
    "MSE": 0.4508825466076637,
    "MAE": 0.45625280298258986
  },
  "ETTh2_720": {
    "MSE": 0.47339495919802405,
    "MAE": 0.4723712258442931
  },
  "ETTm1_96": {
    "MSE": 0.7352761336582047,
    "MAE": 0.5545036214314731
  },
  "ETTm1_192": {
    "MSE": 0.629958382970696,
    "MAE": 0.5174166422075114
  },
  "ETTm1_336": {
    "MSE": 0.7156834481779147,
    "MAE": 0.5588334642008915
  },
  "ETTm1_720": {
    "MSE": 0.8177038428131908,
    "MAE": 0.6032777782187303
  },
  "ETTm2_96": {
    "MSE": 0.27590650456831667,
    "MAE": 0.33281990666048733
  },
  "ETTm2_192": {
    "MSE": 0.30206776840809024,
    "MAE": 0.3442040178371978
  },
  "ETTm2_336": {
    "MSE": 0.36064455023643255,
    "MAE": 0.38035552100712283
  },
  "ETTm2_720": {
    "MSE": 0.460327207118827,
    "MAE": 0.4340438292525542
  },
  "Weather_96": {
    "MSE": 0.25266235241167356,
    "MAE": 0.29333662291043255
  },
  "Weather_192": {
    "MSE": 0.29042425894595125,
    "MAE": 0.31846164601743165
  },
  "Weather_336": {
    "MSE": 0.34220750983871695,
    "MAE": 0.3532819207831277
  },
  "Weather_720": {
    "MSE": 0.4074517478388272,
    "MAE": 0.3952390283771177
  },
  "ETTh1_avg": {
    "MSE": 0.7196835778262662,
    "MAE": 0.5801533490554002
  },
  "ETTh2_avg": {
    "MSE": 0.4382029658957577,
    "MAE": 0.4459306846322094
  },
  "ETTm1_avg": {
    "MSE": 0.7246554519050015,
    "MAE": 0.5585078765146515
  },
  "ETTm2_avg": {
    "MSE": 0.34973650758291663,
    "MAE": 0.37285581868934053
  },
  "Weather_avg": {
    "MSE": 0.32318646725879224,
    "MAE": 0.3400798045220274
  },
  "overall_avg": {
    "MSE": 0.5110929940937469,
    "MAE": 0.4595055066827258
  }
}