{
  "tag": "v1_hybrid_contig_s96",
  "scale": 50,
  "decomp": 0,
  "train_loss": 0.3513523568508386,
  "forecast": {
    "ETTh1_96": {
      "MSE": 0.6342347757484487,
      "MAE": 0.527572334148143
    },
    "ETTh1_192": {
      "MSE": 0.6549397752078903,
      "MAE": 0.5451694902833406
    },
    "ETTh1_336": {
      "MSE": 27.911136014456716,
      "MAE": 2.250959311506893
    },
    "ETTh1_720": {
      "MSE": 199469.5465844771,
      "MAE": 175.9098115776112
    },
    "ETTh2_96": {
      "MSE": 0.38048605186265266,
      "MAE": 0.4063646215451563
    },
    "ETTh2_192": {
      "MSE": 0.4612919774059854,
      "MAE": 0.4488718410088352
    },
    "ETTh2_336": {
      "MSE": 11.773685185187793,
      "MAE": 1.4804544105046757
    },
    "ETTh2_720": {
      "MSE": 65916.07087135795,
      "MAE": 97.44095990983072
    },
    "ETTm1_96": {
      "MSE": 0.7085354078154661,
      "MAE": 0.5415409580044239
    },
    "ETTm1_192": {
      "MSE": 0.7505274702858034,
      "MAE": 0.5683023407364972
    },
    "ETTm1_336": {
      "MSE": 19.660242619188423,
      "MAE": 1.8608110305822037
    },
    "ETTm1_720": {
      "MSE": 122179.27921105077,
      "MAE": 128.51276734685683
    },
    "ETTm2_96": {
      "MSE": 0.27166664308829663,
      "MAE": 0.342638704755686
    },
    "ETTm2_192": {
      "MSE": 0.3303711723102116,
      "MAE": 0.3758073427122822
    },
    "ETTm2_336": {
      "MSE": 8.018637676358017,
      "MAE": 1.2031103492260329
    },
    "ETTm2_720": {
      "MSE": 47058.64662918826,
      "MAE": 80.49961795054848
    },
    "Weather_96": {
      "MSE": 0.20541453484881997,
      "MAE": 0.26017812797893597
    },
    "Weather_192": {
      "MSE": 0.26538142148598476,
      "MAE": 0.30946420969316674
    },
    "Weather_336": {
      "MSE": 6.174417111716904,
      "MAE": 0.8612438431045577
    },
    "Weather_720": {
      "MSE": 38357.27272416162,
      "MAE": 53.9429926408437
    },
    "ETTh1_avg": {
      "MSE": 49874.68672376063,
      "MAE": 44.80837817838739
    },
    "ETTh2_avg": {
      "MSE": 16482.171583643103,
      "MAE": 24.944162695722348
    },
    "ETTm1_avg": {
      "MSE": 30550.099629137014,
      "MAE": 32.870855419044986
    },
    "ETTm2_avg": {
      "MSE": 11766.816826170005,
      "MAE": 20.60529358681062
    },
    "Weather_avg": {
      "MSE": 9590.979484307418,
      "MAE": 13.84346970540509
    },
    "overall_avg": {
      "MSE": 23652.950849403634,
      "MAE": 27.414431917074086
    }
  },
  "params": 30478596
}