{
  "tag": "v1_hybrid_seq720",
  "scale": 50,
  "decomp": 0,
  "train_loss": 0.23712114158785255,
  "forecast": {
    "ETTh1_96": {
      "MSE": 0.48470015672294114,
      "MAE": 0.483713918402979
    },
    "ETTh1_192": {
      "MSE": 0.505374756593188,
      "MAE": 0.4973825116380521
    },
    "ETTh1_336": {
      "MSE": 0.5152651172632208,
      "MAE": 0.5052401412165506
    },
    "ETTh1_720": {
      "MSE": 0.5403955554594247,
      "MAE": 0.531406683102071
    },
    "ETTh2_96": {
      "MSE": 0.36701699964895507,
      "MAE": 0.4229028749404205
    },
    "ETTh2_192": {
      "MSE": 0.4138484919691721,
      "MAE": 0.44909868862998864
    },
    "ETTh2_336": {
      "MSE": 0.44532287845206253,
      "MAE": 0.4686381422199305
    },
    "ETTh2_720": {
      "MSE": 0.47688946836739715,
      "MAE": 0.4941454575867449
    },
    "ETTm1_96": {
      "MSE": 0.6316677676934449,
      "MAE": 0.5255539391157784
    },
    "ETTm1_192": {
      "MSE": 0.6551290772204046,
      "MAE": 0.5322072700050278
    },
    "ETTm1_336": {
      "MSE": 0.6704520644612465,
      "MAE": 0.5418161425320002
    },
    "ETTm1_720": {
      "MSE": 0.6774558736297517,
      "MAE": 0.5522463680107224
    },
    "ETTm2_96": {
      "MSE": 0.29519689275791156,
      "MAE": 0.36462430947695557
    },
    "ETTm2_192": {
      "MSE": 0.34255583330464323,
      "MAE": 0.390671062725057
    },
    "ETTm2_336": {
      "MSE": 0.39281163450889733,
      "MAE": 0.4189497957606122
    },
    "ETTm2_720": {
      "MSE": 0.4652481357374262,
      "MAE": 0.458385742054347
    },
    "Weather_96": {
      "MSE": 0.2514398019524164,
      "MAE": 0.30688705874153244
    },
    "Weather_192": {
      "MSE": 0.2827104263498096,
      "MAE": 0.3251726199587391
    },
    "Weather_336": {
      "MSE": 0.3274348666163896,
      "MAE": 0.3514628443365838
    },
    "Weather_720": {
      "MSE": 0.3865459182820099,
      "MAE": 0.3873758931642856
    },
    "ETTh1_avg": {
      "MSE": 0.5114338965096936,
      "MAE": 0.5044358135899132
    },
    "ETTh2_avg": {
      "MSE": 0.4257694596093967,
      "MAE": 0.4586962908442711
    },
    "ETTm1_avg": {
      "MSE": 0.658676195751212,
      "MAE": 0.5379559299158823
    },
    "ETTm2_avg": {
      "MSE": 0.3739531240772196,
      "MAE": 0.40815772750424295
    },
    "Weather_avg": {
      "MSE": 0.31203275330015634,
      "MAE": 0.3427246040502852
    },
    "overall_avg": {
      "MSE": 0.4563730858495356,
      "MAE": 0.45039407318091895
    }
  },
  "params": 30498564
}