{
  "tag": "v1_seq720_spectral_failmode",
  "scale": 50,
  "decomp": 0,
  "train_loss": 0.23374297245320835,
  "forecast": {
    "ETTh1_96": {
      "MSE": 0.49027674847725916,
      "MAE": 0.4906436758367981
    },
    "ETTh1_192": {
      "MSE": 0.5094984342876455,
      "MAE": 0.5036587719174073
    },
    "ETTh1_336": {
      "MSE": 0.5142277528730718,
      "MAE": 0.5109505498760806
    },
    "ETTh1_720": {
      "MSE": 0.541392346564333,
      "MAE": 0.537589809288411
    },
    "ETTh2_96": {
      "MSE": 0.3796839366512366,
      "MAE": 0.4300284633301107
    },
    "ETTh2_192": {
      "MSE": 0.417187457021679,
      "MAE": 0.4511898738334898
    },
    "ETTh2_336": {
      "MSE": 0.4346470013261818,
      "MAE": 0.46287080798423047
    },
    "ETTh2_720": {
      "MSE": 0.46374221448888786,
      "MAE": 0.48742452966451505
    },
    "ETTm1_96": {
      "MSE": 0.6009841990020555,
      "MAE": 0.5195951572506506
    },
    "ETTm1_192": {
      "MSE": 0.6355669554755374,
      "MAE": 0.5302508497037225
    },
    "ETTm1_336": {
      "MSE": 0.6523074852053318,
      "MAE": 0.5434003024173357
    },
    "ETTm1_720": {
      "MSE": 0.6676450393155228,
      "MAE": 0.5543709938181199
    },
    "ETTm2_96": {
      "MSE": 0.3028712445203881,
      "MAE": 0.3701314683879327
    },
    "ETTm2_192": {
      "MSE": 0.350655158972105,
      "MAE": 0.3963856446736179
    },
    "ETTm2_336": {
      "MSE": 0.39545679753420065,
      "MAE": 0.4209514693028685
    },
    "ETTm2_720": {
      "MSE": 0.4626418336042637,
      "MAE": 0.4572253414916703
    },
    "Weather_96": {
      "MSE": 0.24986559536766448,
      "MAE": 0.30873840447985995
    },
    "Weather_192": {
      "MSE": 0.28603266869827915,
      "MAE": 0.3293553755098522
    },
    "Weather_336": {
      "MSE": 0.3302846027561192,
      "MAE": 0.3544722697103797
    },
    "Weather_720": {
      "MSE": 0.3904264481139117,
      "MAE": 0.3901726988278468
    },
    "ETTh1_avg": {
      "MSE": 0.5138488205505773,
      "MAE": 0.5107107017296743
    },
    "ETTh2_avg": {
      "MSE": 0.4238151523719963,
      "MAE": 0.4578784187030865
    },
    "ETTm1_avg": {
      "MSE": 0.6391259197496119,
      "MAE": 0.5369043257974572
    },
    "ETTm2_avg": {
      "MSE": 0.37790625865773936,
      "MAE": 0.41117348096402234
    },
    "Weather_avg": {
      "MSE": 0.3141523287339936,
      "MAE": 0.34568468713198464
    },
    "overall_avg": {
      "MSE": 0.4537696960127837,
      "MAE": 0.452470322865245
    }
  },
  "params": 32539523
}