{
  "ETTh1_96": {
    "MSE": 0.4403120468587576,
    "MAE": 0.44782723199705904
  },
  "ETTh1_192": {
    "MSE": 0.46859923158340927,
    "MAE": 0.4682508895045345
  },
  "ETTh1_336": {
    "MSE": 0.4818295366484807,
    "MAE": 0.47929756251482186
  },
  "ETTh1_720": {
    "MSE": 0.5001113339732869,
    "MAE": 0.4981827042516368
  },
  "ETTh2_96": {
    "MSE": 0.3182160060571775,
    "MAE": 0.3731503605189046
  },
  "ETTh2_192": {
    "MSE": 0.3823519585485057,
    "MAE": 0.41282261788154717
  },
  "ETTh2_336": {
    "MSE": 0.3969778694425961,
    "MAE": 0.42687300244246795
  },
  "ETTh2_720": {
    "MSE": 0.43139723007990033,
    "MAE": 0.4584322624929563
  },
  "ETTm1_96": {
    "MSE": 0.4866328500322322,
    "MAE": 0.4651330115476735
  },
  "ETTm1_192": {
    "MSE": 0.5365968575322324,
    "MAE": 0.4893721426610464
  },
  "ETTm1_336": {
    "MSE": 0.5694285849598096,
    "MAE": 0.506927702415707
  },
  "ETTm1_720": {
    "MSE": 0.6135394539319675,
    "MAE": 0.5294215504243728
  },
  "ETTm2_96": {
    "MSE": 0.211788088258844,
    "MAE": 0.2966958449299945
  },
  "ETTm2_192": {
    "MSE": 0.2798085325022558,
    "MAE": 0.33869261252048694
  },
  "ETTm2_336": {
    "MSE": 0.3276510054252332,
    "MAE": 0.3675521250231972
  },
  "ETTm2_720": {
    "MSE": 0.41160720966808156,
    "MAE": 0.4201053121435085
  },
  "Weather_96": {
    "MSE": 0.1867802246695236,
    "MAE": 0.2456565428614053
  },
  "Weather_192": {
    "MSE": 0.24826426819244013,
    "MAE": 0.29472829557437247
  },
  "Weather_336": {
    "MSE": 0.30786191062574425,
    "MAE": 0.33268129354804965
  },
  "Weather_720": {
    "MSE": 0.3769820246387111,
    "MAE": 0.3750451401292687
  },
  "ETTh1_avg": {
    "MSE": 0.47271303726598357,
    "MAE": 0.473389597067013
  },
  "ETTh2_avg": {
    "MSE": 0.3822357660320449,
    "MAE": 0.417819560833969
  },
  "ETTm1_avg": {
    "MSE": 0.5515494366140604,
    "MAE": 0.4977136017621999
  },
  "ETTm2_avg": {
    "MSE": 0.3077137089636036,
    "MAE": 0.3557614736542968
  },
  "Weather_avg": {
    "MSE": 0.2799721070316048,
    "MAE": 0.31202781802827406
  },
  "overall_avg": {
    "MSE": 0.3988368111814594,
    "MAE": 0.4113424102691505
  }
}