{
  "ETTh1_96": {
    "MSE": 0.4892585162003169,
    "MAE": 0.4789923364922931
  },
  "ETTh1_192": {
    "MSE": 0.5012740249321238,
    "MAE": 0.4884991949107472
  },
  "ETTh1_336": {
    "MSE": 0.5115953923812802,
    "MAE": 0.4957563683115934
  },
  "ETTh1_720": {
    "MSE": 0.5834015668582083,
    "MAE": 0.536294401921834
  },
  "ETTh2_96": {
    "MSE": 0.3508070509340943,
    "MAE": 0.39969782273570437
  },
  "ETTh2_192": {
    "MSE": 0.40026582883886624,
    "MAE": 0.42704244493363525
  },
  "ETTh2_336": {
    "MSE": 0.4108032477898359,
    "MAE": 0.4375566313157273
  },
  "ETTh2_720": {
    "MSE": 0.45515472535380425,
    "MAE": 0.47133144433549107
  },
  "ETTm1_96": {
    "MSE": 0.6908271038208038,
    "MAE": 0.5506663950209849
  },
  "ETTm1_192": {
    "MSE": 0.7113903735754926,
    "MAE": 0.5600839477150078
  },
  "ETTm1_336": {
    "MSE": 0.7349837205185009,
    "MAE": 0.5673026287227777
  },
  "ETTm1_720": {
    "MSE": 0.7601195101839892,
    "MAE": 0.5871429586927083
  },
  "ETTm2_96": {
    "MSE": 0.23999769690132633,
    "MAE": 0.3257117210356972
  },
  "ETTm2_192": {
    "MSE": 0.296510911593021,
    "MAE": 0.3567550322991078
  },
  "ETTm2_336": {
    "MSE": 0.348055043929663,
    "MAE": 0.38625401455867026
  },
  "ETTm2_720": {
    "MSE": 0.4355655946213277,
    "MAE": 0.4384221070074955
  },
  "Weather_96": {
    "MSE": 0.21507248774792215,
    "MAE": 0.27781955528491115
  },
  "Weather_192": {
    "MSE": 0.26308278146191816,
    "MAE": 0.31229091434287065
  },
  "Weather_336": {
    "MSE": 0.3282813892784662,
    "MAE": 0.3522991936887408
  },
  "Weather_720": {
    "MSE": 0.4040572020494808,
    "MAE": 0.39398472858107136
  },
  "ETTh1_avg": {
    "MSE": 0.5213823750929822,
    "MAE": 0.49988557540911693
  },
  "ETTh2_avg": {
    "MSE": 0.40425771322915016,
    "MAE": 0.4339070858301395
  },
  "ETTm1_avg": {
    "MSE": 0.7243301770246967,
    "MAE": 0.5662989825378697
  },
  "ETTm2_avg": {
    "MSE": 0.3300323117613345,
    "MAE": 0.3767857187252427
  },
  "Weather_avg": {
    "MSE": 0.3026234651344468,
    "MAE": 0.3340985979743985
  },
  "overall_avg": {
    "MSE": 0.4565252084485222,
    "MAE": 0.44219519209535346
  }
}