{
  "ETTh1_96": {
    "MSE": 0.4486322069872021,
    "MAE": 0.44906399199038005
  },
  "ETTh1_192": {
    "MSE": 0.4772231576539414,
    "MAE": 0.4684294528774197
  },
  "ETTh1_336": {
    "MSE": 0.48396404410132293,
    "MAE": 0.47539407847569126
  },
  "ETTh1_720": {
    "MSE": 0.4909236344568873,
    "MAE": 0.489775453892104
  },
  "ETTh2_96": {
    "MSE": 0.3159864429837953,
    "MAE": 0.3721431941574129
  },
  "ETTh2_192": {
    "MSE": 0.37453312663107335,
    "MAE": 0.4086637698685663
  },
  "ETTh2_336": {
    "MSE": 0.3875716944565952,
    "MAE": 0.42158623917497945
  },
  "ETTh2_720": {
    "MSE": 0.42443837491197284,
    "MAE": 0.45370420515347953
  },
  "ETTm1_96": {
    "MSE": 0.4893006499806323,
    "MAE": 0.4635774912318706
  },
  "ETTm1_192": {
    "MSE": 0.5392833305674483,
    "MAE": 0.4880897118602033
  },
  "ETTm1_336": {
    "MSE": 0.567806943513931,
    "MAE": 0.5056885658160045
  },
  "ETTm1_720": {
    "MSE": 0.6122738214203506,
    "MAE": 0.5285322715436047
  },
  "ETTm2_96": {
    "MSE": 0.2132165206778056,
    "MAE": 0.297565332398434
  },
  "ETTm2_192": {
    "MSE": 0.27802830687006713,
    "MAE": 0.3382353813852941
  },
  "ETTm2_336": {
    "MSE": 0.3293425990869202,
    "MAE": 0.3691503464780891
  },
  "ETTm2_720": {
    "MSE": 0.4153744335540697,
    "MAE": 0.42266116851374574
  },
  "Weather_96": {
    "MSE": 0.18735223575744772,
    "MAE": 0.24772001699739296
  },
  "Weather_192": {
    "MSE": 0.24418739531065303,
    "MAE": 0.2926959819255944
  },
  "Weather_336": {
    "MSE": 0.3082968095545122,
    "MAE": 0.3363380783195893
  },
  "Weather_720": {
    "MSE": 0.3806916116093932,
    "MAE": 0.38089135516599953
  },
  "ETTh1_avg": {
    "MSE": 0.47518576079983843,
    "MAE": 0.4706657443088988
  },
  "ETTh2_avg": {
    "MSE": 0.3756324097458592,
    "MAE": 0.41402435208860955
  },
  "ETTm1_avg": {
    "MSE": 0.5521661863705906,
    "MAE": 0.49647201011292075
  },
  "ETTm2_avg": {
    "MSE": 0.30899046504721567,
    "MAE": 0.3569030571938907
  },
  "Weather_avg": {
    "MSE": 0.28013201305800156,
    "MAE": 0.31441135810214405
  },
  "overall_avg": {
    "MSE": 0.3984213670043011,
    "MAE": 0.4104953043612928
  }
}