{
  "ETTh1_96": {
    "MSE": 0.44564509552104137,
    "MAE": 0.4488927984282641
  },
  "ETTh1_192": {
    "MSE": 0.4716688780580712,
    "MAE": 0.4675486610626469
  },
  "ETTh1_336": {
    "MSE": 0.483807836708011,
    "MAE": 0.478112029539653
  },
  "ETTh1_720": {
    "MSE": 0.501891250269865,
    "MAE": 0.49849912795861073
  },
  "ETTh2_96": {
    "MSE": 0.31363432933922664,
    "MAE": 0.37180360529813045
  },
  "ETTh2_192": {
    "MSE": 0.37747416143635876,
    "MAE": 0.41063532174279044
  },
  "ETTh2_336": {
    "MSE": 0.3903075079350122,
    "MAE": 0.42395806320830803
  },
  "ETTh2_720": {
    "MSE": 0.42636820193744956,
    "MAE": 0.4567136775847353
  },
  "ETTm1_96": {
    "MSE": 0.5044398326932352,
    "MAE": 0.4704024325857516
  },
  "ETTm1_192": {
    "MSE": 0.5628206090329114,
    "MAE": 0.5014906985371532
  },
  "ETTm1_336": {
    "MSE": 0.5752104813992824,
    "MAE": 0.5111703201776429
  },
  "ETTm1_720": {
    "MSE": 0.6106684882495337,
    "MAE": 0.5320946329912688
  },
  "ETTm2_96": {
    "MSE": 0.21415393452947654,
    "MAE": 0.2988571001076099
  },
  "ETTm2_192": {
    "MSE": 0.2796075120018712,
    "MAE": 0.3387297712213898
  },
  "ETTm2_336": {
    "MSE": 0.33243924637211736,
    "MAE": 0.37085141747898687
  },
  "ETTm2_720": {
    "MSE": 0.4181810866529354,
    "MAE": 0.4251961347276525
  },
  "Weather_96": {
    "MSE": 0.19094549944018605,
    "MAE": 0.2529320193799034
  },
  "Weather_192": {
    "MSE": 0.24856020365381762,
    "MAE": 0.2976496559712868
  },
  "Weather_336": {
    "MSE": 0.31364176982296266,
    "MAE": 0.34094611042632034
  },
  "Weather_720": {
    "MSE": 0.3876869575791823,
    "MAE": 0.3859826161774332
  },
  "ETTh1_avg": {
    "MSE": 0.4757532651392471,
    "MAE": 0.4732631542472937
  },
  "ETTh2_avg": {
    "MSE": 0.37694605016201177,
    "MAE": 0.41577766695849105
  },
  "ETTm1_avg": {
    "MSE": 0.5632848528437406,
    "MAE": 0.5037895210729542
  },
  "ETTm2_avg": {
    "MSE": 0.3110954448891001,
    "MAE": 0.35840860588390977
  },
  "Weather_avg": {
    "MSE": 0.28520860762403716,
    "MAE": 0.3193776004887359
  },
  "overall_avg": {
    "MSE": 0.4024576441316274,
    "MAE": 0.4141233097302769
  }
}