{
  "ETTh1_96": {
    "MSE": 0.43779534255228675,
    "MAE": 0.4483148502220069
  },
  "ETTh1_192": {
    "MSE": 0.4717854135321119,
    "MAE": 0.47058518060463195
  },
  "ETTh1_336": {
    "MSE": 0.4887839715541532,
    "MAE": 0.4819068954058525
  },
  "ETTh1_720": {
    "MSE": 0.5150704648945164,
    "MAE": 0.506966842978694
  },
  "ETTh2_96": {
    "MSE": 0.3164533171132026,
    "MAE": 0.3715499683921077
  },
  "ETTh2_192": {
    "MSE": 0.378262780071334,
    "MAE": 0.4116229195601053
  },
  "ETTh2_336": {
    "MSE": 0.3928047361894473,
    "MAE": 0.425242425509453
  },
  "ETTh2_720": {
    "MSE": 0.42400333221202247,
    "MAE": 0.4547980113483142
  },
  "ETTm1_96": {
    "MSE": 0.5088519700699126,
    "MAE": 0.4741821371140196
  },
  "ETTm1_192": {
    "MSE": 0.5572618505163203,
    "MAE": 0.497732410836566
  },
  "ETTm1_336": {
    "MSE": 0.5690983080344624,
    "MAE": 0.507427584756032
  },
  "ETTm1_720": {
    "MSE": 0.6084586863109016,
    "MAE": 0.5289230016422447
  },
  "ETTm2_96": {
    "MSE": 0.21859387608554653,
    "MAE": 0.30163887046740284
  },
  "ETTm2_192": {
    "MSE": 0.28096297594423403,
    "MAE": 0.33992007704609134
  },
  "ETTm2_336": {
    "MSE": 0.3273328338644305,
    "MAE": 0.3684359687738882
  },
  "ETTm2_720": {
    "MSE": 0.41075070744074615,
    "MAE": 0.42099515866840304
  },
  "Weather_96": {
    "MSE": 0.19230779360023867,
    "MAE": 0.2552636342604628
  },
  "Weather_192": {
    "MSE": 0.24933994700537154,
    "MAE": 0.29883898856779856
  },
  "Weather_336": {
    "MSE": 0.3129356456945021,
    "MAE": 0.3411301164614671
  },
  "Weather_720": {
    "MSE": 0.3848559977830059,
    "MAE": 0.38576273163718056
  },
  "ETTh1_avg": {
    "MSE": 0.4783587981332671,
    "MAE": 0.47694344230279634
  },
  "ETTh2_avg": {
    "MSE": 0.3778810413965016,
    "MAE": 0.415803331202495
  },
  "ETTm1_avg": {
    "MSE": 0.5609177037328992,
    "MAE": 0.5020662835872156
  },
  "ETTm2_avg": {
    "MSE": 0.30941009833373934,
    "MAE": 0.35774751873894634
  },
  "Weather_avg": {
    "MSE": 0.2848598460207796,
    "MAE": 0.3202488677317272
  },
  "overall_avg": {
    "MSE": 0.4022854975234373,
    "MAE": 0.41456188871263605
  }
}