{
  "ETTh1_96": {
    "MSE": 0.5021083186636256,
    "MAE": 0.47765354900751195
  },
  "ETTh1_192": {
    "MSE": 0.5398325538195555,
    "MAE": 0.49885110430810675
  },
  "ETTh1_336": {
    "MSE": 0.5719746777002788,
    "MAE": 0.5199650928866805
  },
  "ETTh1_720": {
    "MSE": 0.5940449849833193,
    "MAE": 0.5562116353821249
  },
  "ETTh2_96": {
    "MSE": 0.33516680763014617,
    "MAE": 0.3860360291945582
  },
  "ETTh2_192": {
    "MSE": 0.38790807535236205,
    "MAE": 0.41890005859626506
  },
  "ETTh2_336": {
    "MSE": 0.404419793454426,
    "MAE": 0.43291722295870416
  },
  "ETTh2_720": {
    "MSE": 0.4361503152751589,
    "MAE": 0.46261978764909933
  },
  "ETTm1_96": {
    "MSE": 0.7069672241878245,
    "MAE": 0.5639090191224373
  },
  "ETTm1_192": {
    "MSE": 0.7203672990501,
    "MAE": 0.5692389709266746
  },
  "ETTm1_336": {
    "MSE": 0.7136312445515328,
    "MAE": 0.5616755316353381
  },
  "ETTm1_720": {
    "MSE": 0.7127110156228522,
    "MAE": 0.56403243018165
  },
  "ETTm2_96": {
    "MSE": 0.2462067321706116,
    "MAE": 0.3290283780757476
  },
  "ETTm2_192": {
    "MSE": 0.3112796109352996,
    "MAE": 0.36701467118042613
  },
  "ETTm2_336": {
    "MSE": 0.3623342845043507,
    "MAE": 0.3951157421688655
  },
  "ETTm2_720": {
    "MSE": 0.4456264159065298,
    "MAE": 0.44275473700881995
  },
  "Weather_96": {
    "MSE": 0.20188999118915965,
    "MAE": 0.25856366356548616
  },
  "Weather_192": {
    "MSE": 0.25780760715007384,
    "MAE": 0.3019008939330994
  },
  "Weather_336": {
    "MSE": 0.3182285560267137,
    "MAE": 0.34337876676567647
  },
  "Weather_720": {
    "MSE": 0.39439597322464726,
    "MAE": 0.38941452881928
  },
  "ETTh1_avg": {
    "MSE": 0.5519901337916948,
    "MAE": 0.5131703453961061
  },
  "ETTh2_avg": {
    "MSE": 0.3909112479280233,
    "MAE": 0.4251182745996567
  },
  "ETTm1_avg": {
    "MSE": 0.7134191958530773,
    "MAE": 0.564713987966525
  },
  "ETTm2_avg": {
    "MSE": 0.3413617608791979,
    "MAE": 0.38347838210846485
  },
  "Weather_avg": {
    "MSE": 0.2930805318976486,
    "MAE": 0.32331446327088553
  },
  "overall_avg": {
    "MSE": 0.45815257406992843,
    "MAE": 0.4419590906683276
  }
}