{
  "ETTh1_96": {
    "MSE": 0.4466715895330491,
    "MAE": 0.4540544311543088
  },
  "ETTh1_192": {
    "MSE": 0.47341649487641185,
    "MAE": 0.4708970095087603
  },
  "ETTh1_336": {
    "MSE": 0.48349515101750434,
    "MAE": 0.47870383742900535
  },
  "ETTh1_720": {
    "MSE": 0.5125227164008387,
    "MAE": 0.5020916716940456
  },
  "ETTh2_96": {
    "MSE": 0.320333774675663,
    "MAE": 0.3776691557692815
  },
  "ETTh2_192": {
    "MSE": 0.38338854215934814,
    "MAE": 0.4151326812527765
  },
  "ETTh2_336": {
    "MSE": 0.3931416352271147,
    "MAE": 0.42576384318688887
  },
  "ETTh2_720": {
    "MSE": 0.42428882706430276,
    "MAE": 0.4553365006276744
  },
  "ETTm1_96": {
    "MSE": 0.4942931899154857,
    "MAE": 0.4645139475787341
  },
  "ETTm1_192": {
    "MSE": 0.5520778534612429,
    "MAE": 0.4935838068578188
  },
  "ETTm1_336": {
    "MSE": 0.5764862474149021,
    "MAE": 0.50941798231513
  },
  "ETTm1_720": {
    "MSE": 0.6129913682672079,
    "MAE": 0.5316036770642881
  },
  "ETTm2_96": {
    "MSE": 0.21195740850479503,
    "MAE": 0.299149418117671
  },
  "ETTm2_192": {
    "MSE": 0.2760489925332637,
    "MAE": 0.3380705185470402
  },
  "ETTm2_336": {
    "MSE": 0.3264985321574259,
    "MAE": 0.3692112455846712
  },
  "ETTm2_720": {
    "MSE": 0.40930725610680935,
    "MAE": 0.42133089580388966
  },
  "Weather_96": {
    "MSE": 0.18827880655806384,
    "MAE": 0.25091171760635383
  },
  "Weather_192": {
    "MSE": 0.2423487240103045,
    "MAE": 0.2924013136227907
  },
  "Weather_336": {
    "MSE": 0.3078966849094423,
    "MAE": 0.3348556564858665
  },
  "Weather_720": {
    "MSE": 0.38604171432922657,
    "MAE": 0.38358673559619044
  },
  "ETTh1_avg": {
    "MSE": 0.479026487956951,
    "MAE": 0.47643673744653
  },
  "ETTh2_avg": {
    "MSE": 0.38028819478160714,
    "MAE": 0.4184755452091553
  },
  "ETTm1_avg": {
    "MSE": 0.5589621647647096,
    "MAE": 0.4997798534539928
  },
  "ETTm2_avg": {
    "MSE": 0.3059530473255735,
    "MAE": 0.356940519513318
  },
  "Weather_avg": {
    "MSE": 0.2811414824517593,
    "MAE": 0.31543885582780035
  },
  "overall_avg": {
    "MSE": 0.40107427545612007,
    "MAE": 0.41341430229015924
  }
}