{
  "ETTh1_96": {
    "MSE": 0.45304114131269774,
    "MAE": 0.45387241177878235
  },
  "ETTh1_192": {
    "MSE": 0.48501180459345833,
    "MAE": 0.47547962144695327
  },
  "ETTh1_336": {
    "MSE": 0.4929980599997019,
    "MAE": 0.4834197652928673
  },
  "ETTh1_720": {
    "MSE": 0.5074657029880691,
    "MAE": 0.5047871027608504
  },
  "ETTh2_96": {
    "MSE": 0.31977463553629637,
    "MAE": 0.37764432457599345
  },
  "ETTh2_192": {
    "MSE": 0.38230589438646345,
    "MAE": 0.41729092929609407
  },
  "ETTh2_336": {
    "MSE": 0.3971069173665719,
    "MAE": 0.42965876117090956
  },
  "ETTh2_720": {
    "MSE": 0.42929805294359363,
    "MAE": 0.45791589833416746
  },
  "ETTm1_96": {
    "MSE": 0.48963825981350817,
    "MAE": 0.4686767498557792
  },
  "ETTm1_192": {
    "MSE": 0.5394017684548262,
    "MAE": 0.494683860456219
  },
  "ETTm1_336": {
    "MSE": 0.5700841622765973,
    "MAE": 0.5117393612303232
  },
  "ETTm1_720": {
    "MSE": 0.6059392311238193,
    "MAE": 0.5305527955457763
  },
  "ETTm2_96": {
    "MSE": 0.21357674296932788,
    "MAE": 0.30043370994650487
  },
  "ETTm2_192": {
    "MSE": 0.2773079247205764,
    "MAE": 0.3405883445021462
  },
  "ETTm2_336": {
    "MSE": 0.32429303603880905,
    "MAE": 0.36941895902124666
  },
  "ETTm2_720": {
    "MSE": 0.4112802561084584,
    "MAE": 0.4229658573513615
  },
  "Weather_96": {
    "MSE": 0.19094348818531925,
    "MAE": 0.2541361702552902
  },
  "Weather_192": {
    "MSE": 0.25118777415132154,
    "MAE": 0.30240851830980475
  },
  "Weather_336": {
    "MSE": 0.3135434549530364,
    "MAE": 0.34268878159429
  },
  "Weather_720": {
    "MSE": 0.3817721024297879,
    "MAE": 0.3848288511994944
  },
  "ETTh1_avg": {
    "MSE": 0.4846291772234818,
    "MAE": 0.47938972531986335
  },
  "ETTh2_avg": {
    "MSE": 0.38212137505823135,
    "MAE": 0.42062747834429115
  },
  "ETTm1_avg": {
    "MSE": 0.5512658554171878,
    "MAE": 0.5014131917720244
  },
  "ETTm2_avg": {
    "MSE": 0.30661448995929297,
    "MAE": 0.3583517177053148
  },
  "Weather_avg": {
    "MSE": 0.28436170492986623,
    "MAE": 0.32101558033971983
  },
  "overall_avg": {
    "MSE": 0.401798520517612,
    "MAE": 0.41615953869624267
  }
}