{
  "ETTh1_96": {
    "MSE": 0.4421873646161907,
    "MAE": 0.4497294405314049
  },
  "ETTh1_192": {
    "MSE": 0.4738717047336889,
    "MAE": 0.47211830846048525
  },
  "ETTh1_336": {
    "MSE": 0.490815219254761,
    "MAE": 0.48533385513353117
  },
  "ETTh1_720": {
    "MSE": 0.5138176801709791,
    "MAE": 0.5100511167871181
  },
  "ETTh2_96": {
    "MSE": 0.3250130813168329,
    "MAE": 0.37712797279570476
  },
  "ETTh2_192": {
    "MSE": 0.3812679634445485,
    "MAE": 0.414481666817701
  },
  "ETTh2_336": {
    "MSE": 0.3970526683856895,
    "MAE": 0.4285791484815006
  },
  "ETTh2_720": {
    "MSE": 0.4304575238426477,
    "MAE": 0.45905173238041336
  },
  "ETTm1_96": {
    "MSE": 0.5027531670499005,
    "MAE": 0.4677663536686569
  },
  "ETTm1_192": {
    "MSE": 0.5695270479929879,
    "MAE": 0.49834241723373607
  },
  "ETTm1_336": {
    "MSE": 0.5951911346134577,
    "MAE": 0.5155227860459222
  },
  "ETTm1_720": {
    "MSE": 0.6237390943884374,
    "MAE": 0.5330576384949502
  },
  "ETTm2_96": {
    "MSE": 0.21621110968778906,
    "MAE": 0.3003044940737316
  },
  "ETTm2_192": {
    "MSE": 0.2801601091761668,
    "MAE": 0.3400523095667902
  },
  "ETTm2_336": {
    "MSE": 0.33205765313204866,
    "MAE": 0.3711902146126244
  },
  "ETTm2_720": {
    "MSE": 0.4149243302723196,
    "MAE": 0.4239583116251055
  },
  "Weather_96": {
    "MSE": 0.19007440930063402,
    "MAE": 0.25179022483354513
  },
  "Weather_192": {
    "MSE": 0.2490433374346995,
    "MAE": 0.29899590476374605
  },
  "Weather_336": {
    "MSE": 0.3142964623224874,
    "MAE": 0.34234661510446135
  },
  "Weather_720": {
    "MSE": 0.3869945945083632,
    "MAE": 0.38811417401062576
  },
  "ETTh1_avg": {
    "MSE": 0.4801729921939049,
    "MAE": 0.4793081802281348
  },
  "ETTh2_avg": {
    "MSE": 0.3834478092474296,
    "MAE": 0.41981013011882995
  },
  "ETTm1_avg": {
    "MSE": 0.5728026110111959,
    "MAE": 0.5036722988608163
  },
  "ETTm2_avg": {
    "MSE": 0.310838300567081,
    "MAE": 0.35887633246956296
  },
  "Weather_avg": {
    "MSE": 0.28510220089154603,
    "MAE": 0.32031172967809457
  },
  "overall_avg": {
    "MSE": 0.40647278278223153,
    "MAE": 0.4163957342710877
  }
}