{
  "ETTh1_96": {
    "MSE": 0.47516633242167755,
    "MAE": 0.4713762365251025
  },
  "ETTh1_192": {
    "MSE": 0.5187216282477043,
    "MAE": 0.49286279144709577
  },
  "ETTh1_336": {
    "MSE": 0.5598670251811496,
    "MAE": 0.5183512276765099
  },
  "ETTh1_720": {
    "MSE": 0.6011169564783941,
    "MAE": 0.564795097161718
  },
  "ETTh2_96": {
    "MSE": 0.3377433262577421,
    "MAE": 0.3872245364979913
  },
  "ETTh2_192": {
    "MSE": 0.38726392826114453,
    "MAE": 0.4181776580681366
  },
  "ETTh2_336": {
    "MSE": 0.4049481620223387,
    "MAE": 0.43339825057257464
  },
  "ETTh2_720": {
    "MSE": 0.43603711787382693,
    "MAE": 0.4630567504074645
  },
  "ETTm1_96": {
    "MSE": 0.6919519092656974,
    "MAE": 0.5454545340865481
  },
  "ETTm1_192": {
    "MSE": 0.7111236126582886,
    "MAE": 0.5506115885077512
  },
  "ETTm1_336": {
    "MSE": 0.7116451995942197,
    "MAE": 0.5511589918195193
  },
  "ETTm1_720": {
    "MSE": 0.7143303385728514,
    "MAE": 0.5623661168825347
  },
  "ETTm2_96": {
    "MSE": 0.25290690859707415,
    "MAE": 0.3348181513985109
  },
  "ETTm2_192": {
    "MSE": 0.3138539947479201,
    "MAE": 0.3691036366604663
  },
  "ETTm2_336": {
    "MSE": 0.367755704429436,
    "MAE": 0.39814382211414256
  },
  "ETTm2_720": {
    "MSE": 0.4468207742585279,
    "MAE": 0.44363201836743354
  },
  "Weather_96": {
    "MSE": 0.21161587762845238,
    "MAE": 0.2704256547563024
  },
  "Weather_192": {
    "MSE": 0.27022737832261956,
    "MAE": 0.31338167437729786
  },
  "Weather_336": {
    "MSE": 0.3339421820294431,
    "MAE": 0.3524391437767986
  },
  "Weather_720": {
    "MSE": 0.3979890780216101,
    "MAE": 0.386664564818943
  },
  "ETTh1_avg": {
    "MSE": 0.5387179855822314,
    "MAE": 0.5118463382026065
  },
  "ETTh2_avg": {
    "MSE": 0.39149813360376307,
    "MAE": 0.4254642988865418
  },
  "ETTm1_avg": {
    "MSE": 0.7072627650227643,
    "MAE": 0.5523978078240883
  },
  "ETTm2_avg": {
    "MSE": 0.34533434550823955,
    "MAE": 0.3864244071351383
  },
  "Weather_avg": {
    "MSE": 0.30344362900053123,
    "MAE": 0.3307277594323355
  },
  "overall_avg": {
    "MSE": 0.45725137174350594,
    "MAE": 0.44137212229614214
  }
}