{
  "ETTh1_96": {
    "MSE": 0.5418929741825305,
    "MAE": 0.4968880935333465
  },
  "ETTh1_192": {
    "MSE": 0.6041551697124452,
    "MAE": 0.530826137881301
  },
  "ETTh1_336": {
    "MSE": 0.6495475266978189,
    "MAE": 0.5596924504252501
  },
  "ETTh1_720": {
    "MSE": 0.7214652986335282,
    "MAE": 0.6107476568455953
  },
  "ETTh2_96": {
    "MSE": 0.3474675398738844,
    "MAE": 0.3906083907195732
  },
  "ETTh2_192": {
    "MSE": 0.39979892907232506,
    "MAE": 0.4255704352128979
  },
  "ETTh2_336": {
    "MSE": 0.4157827525629446,
    "MAE": 0.4406068685885584
  },
  "ETTh2_720": {
    "MSE": 0.4451184317617075,
    "MAE": 0.46865350966493313
  },
  "ETTm1_96": {
    "MSE": 0.7432441845876216,
    "MAE": 0.5507081420189125
  },
  "ETTm1_192": {
    "MSE": 0.7452007533839946,
    "MAE": 0.5637382550518543
  },
  "ETTm1_336": {
    "MSE": 0.7349422631715964,
    "MAE": 0.5650821334656678
  },
  "ETTm1_720": {
    "MSE": 0.7292502778721888,
    "MAE": 0.5726676194539121
  },
  "ETTm2_96": {
    "MSE": 0.2655501866974884,
    "MAE": 0.34181394012471067
  },
  "ETTm2_192": {
    "MSE": 0.32324368880853027,
    "MAE": 0.3761761425250325
  },
  "ETTm2_336": {
    "MSE": 0.37687164238985277,
    "MAE": 0.40599234488901476
  },
  "ETTm2_720": {
    "MSE": 0.4570804051474234,
    "MAE": 0.45128211756262904
  },
  "Weather_96": {
    "MSE": 0.20543202509517644,
    "MAE": 0.26518161568825355
  },
  "Weather_192": {
    "MSE": 0.261397504174136,
    "MAE": 0.30810119222336657
  },
  "Weather_336": {
    "MSE": 0.3268487436532863,
    "MAE": 0.34947010962227193
  },
  "Weather_720": {
    "MSE": 0.3995098484415316,
    "MAE": 0.39230111417602365
  },
  "ETTh1_avg": {
    "MSE": 0.6292652423065808,
    "MAE": 0.5495385846713732
  },
  "ETTh2_avg": {
    "MSE": 0.40204191331771544,
    "MAE": 0.4313598010464907
  },
  "ETTm1_avg": {
    "MSE": 0.7381593697538503,
    "MAE": 0.5630490374975867
  },
  "ETTm2_avg": {
    "MSE": 0.3556864807608237,
    "MAE": 0.39381613627534673
  },
  "Weather_avg": {
    "MSE": 0.2982970303410326,
    "MAE": 0.3287635079274789
  },
  "overall_avg": {
    "MSE": 0.4846900072960005,
    "MAE": 0.4533054134836553
  }
}