{
  "ETTh1_96": {
    "MSE": 0.45784933161912383,
    "MAE": 0.461489790247978
  },
  "ETTh1_192": {
    "MSE": 0.4944662329034957,
    "MAE": 0.48656338521898684
  },
  "ETTh1_336": {
    "MSE": 0.5172724404860761,
    "MAE": 0.5020908631396723
  },
  "ETTh1_720": {
    "MSE": 0.5479181341631189,
    "MAE": 0.5328985648646589
  },
  "ETTh2_96": {
    "MSE": 0.31728969926117345,
    "MAE": 0.3751406227913125
  },
  "ETTh2_192": {
    "MSE": 0.3826562235867609,
    "MAE": 0.41593313842954216
  },
  "ETTh2_336": {
    "MSE": 0.4046344681532571,
    "MAE": 0.4336949997709376
  },
  "ETTh2_720": {
    "MSE": 0.4289834430410521,
    "MAE": 0.4594935502288487
  },
  "ETTm1_96": {
    "MSE": 0.6738975012873604,
    "MAE": 0.5358165964625734
  },
  "ETTm1_192": {
    "MSE": 0.7000751808515449,
    "MAE": 0.5558443679940948
  },
  "ETTm1_336": {
    "MSE": 0.6983069426981087,
    "MAE": 0.5566318190951863
  },
  "ETTm1_720": {
    "MSE": 0.701352144228765,
    "MAE": 0.5641743277634614
  },
  "ETTm2_96": {
    "MSE": 0.23215425156149674,
    "MAE": 0.31858352057477185
  },
  "ETTm2_192": {
    "MSE": 0.30244962615473386,
    "MAE": 0.3612471351542455
  },
  "ETTm2_336": {
    "MSE": 0.35652539059804284,
    "MAE": 0.3916764156988209
  },
  "ETTm2_720": {
    "MSE": 0.4334069786941694,
    "MAE": 0.437045125793835
  },
  "Weather_96": {
    "MSE": 0.19067233407845507,
    "MAE": 0.25516482608526087
  },
  "Weather_192": {
    "MSE": 0.2465368210892362,
    "MAE": 0.2996113045019303
  },
  "Weather_336": {
    "MSE": 0.3088141315333285,
    "MAE": 0.34219989347559315
  },
  "Weather_720": {
    "MSE": 0.3809788396251332,
    "MAE": 0.3874681398203931
  },
  "ETTh1_avg": {
    "MSE": 0.5043765347929536,
    "MAE": 0.495760650867824
  },
  "ETTh2_avg": {
    "MSE": 0.3833909585105609,
    "MAE": 0.42106557780516024
  },
  "ETTm1_avg": {
    "MSE": 0.6934079422664446,
    "MAE": 0.5531167778288291
  },
  "ETTm2_avg": {
    "MSE": 0.33113406175211074,
    "MAE": 0.37713804930541833
  },
  "Weather_avg": {
    "MSE": 0.28175053158153823,
    "MAE": 0.32111104097079435
  },
  "overall_avg": {
    "MSE": 0.43881200578072166,
    "MAE": 0.4336384193556052
  }
}