{
  "ETTh1_96": {
    "MSE": 0.4288976928266959,
    "MAE": 0.44509093644559516
  },
  "ETTh1_192": {
    "MSE": 0.45774224179395334,
    "MAE": 0.4657686981144271
  },
  "ETTh1_336": {
    "MSE": 0.4730723498398974,
    "MAE": 0.4777846761742747
  },
  "ETTh1_720": {
    "MSE": 0.49737910163713134,
    "MAE": 0.49987205286013714
  },
  "ETTh2_96": {
    "MSE": 0.3130028978609503,
    "MAE": 0.37581460245429577
  },
  "ETTh2_192": {
    "MSE": 0.3709314446448804,
    "MAE": 0.41117502635849107
  },
  "ETTh2_336": {
    "MSE": 0.38902493812403827,
    "MAE": 0.4247917077330612
  },
  "ETTh2_720": {
    "MSE": 0.42217245826678673,
    "MAE": 0.45659298539473225
  },
  "ETTm1_96": {
    "MSE": 0.5055908160732849,
    "MAE": 0.4737607527636162
  },
  "ETTm1_192": {
    "MSE": 0.5429411066417058,
    "MAE": 0.49221384678950775
  },
  "ETTm1_336": {
    "MSE": 0.5802746165254861,
    "MAE": 0.5142718857514912
  },
  "ETTm1_720": {
    "MSE": 0.6195012773745912,
    "MAE": 0.5359837735813041
  },
  "ETTm2_96": {
    "MSE": 0.2111249112423852,
    "MAE": 0.29996798877874176
  },
  "ETTm2_192": {
    "MSE": 0.270700012225252,
    "MAE": 0.33706992727556523
  },
  "ETTm2_336": {
    "MSE": 0.3197897354597265,
    "MAE": 0.3671667588508719
  },
  "ETTm2_720": {
    "MSE": 0.4054617674756393,
    "MAE": 0.420244170108299
  },
  "Weather_96": {
    "MSE": 0.18832960877496882,
    "MAE": 0.24871842028596536
  },
  "Weather_192": {
    "MSE": 0.2494855298712538,
    "MAE": 0.29737003020743313
  },
  "Weather_336": {
    "MSE": 0.30861303936592416,
    "MAE": 0.3372627523231628
  },
  "Weather_720": {
    "MSE": 0.37136265423657133,
    "MAE": 0.3776689309136615
  },
  "ETTh1_avg": {
    "MSE": 0.4642728465244195,
    "MAE": 0.47212909089860855
  },
  "ETTh2_avg": {
    "MSE": 0.37378293472416396,
    "MAE": 0.4170935804851451
  },
  "ETTm1_avg": {
    "MSE": 0.5620769541537669,
    "MAE": 0.5040575647214798
  },
  "ETTm2_avg": {
    "MSE": 0.30176910660075074,
    "MAE": 0.3561122112533695
  },
  "Weather_avg": {
    "MSE": 0.27944770806217956,
    "MAE": 0.3152550334325557
  },
  "overall_avg": {
    "MSE": 0.3962699100130561,
    "MAE": 0.41292949615823177
  }
}