{
  "ETTh1_96": {
    "MSE": 0.43658030700814277,
    "MAE": 0.44839590806926016
  },
  "ETTh1_192": {
    "MSE": 0.4678094654243274,
    "MAE": 0.4695710503279558
  },
  "ETTh1_336": {
    "MSE": 0.48309570057951345,
    "MAE": 0.481350730793125
  },
  "ETTh1_720": {
    "MSE": 0.5124489942738238,
    "MAE": 0.5058649067092525
  },
  "ETTh2_96": {
    "MSE": 0.3190697760791663,
    "MAE": 0.37502509298188147
  },
  "ETTh2_192": {
    "MSE": 0.3797391804796643,
    "MAE": 0.4123722403855599
  },
  "ETTh2_336": {
    "MSE": 0.3928518459293104,
    "MAE": 0.4257001857621267
  },
  "ETTh2_720": {
    "MSE": 0.4277923757339425,
    "MAE": 0.45735115960528283
  },
  "ETTm1_96": {
    "MSE": 0.49257482231942346,
    "MAE": 0.4672587162325167
  },
  "ETTm1_192": {
    "MSE": 0.5538599356789612,
    "MAE": 0.4967228259746189
  },
  "ETTm1_336": {
    "MSE": 0.5849680180114001,
    "MAE": 0.5149490642084406
  },
  "ETTm1_720": {
    "MSE": 0.6196386107311697,
    "MAE": 0.5336681978221633
  },
  "ETTm2_96": {
    "MSE": 0.20892460780426678,
    "MAE": 0.2964607945221777
  },
  "ETTm2_192": {
    "MSE": 0.27315482303741384,
    "MAE": 0.3360058657091503
  },
  "ETTm2_336": {
    "MSE": 0.3225279515511864,
    "MAE": 0.366522584998179
  },
  "ETTm2_720": {
    "MSE": 0.4110854586468671,
    "MAE": 0.4214928169606298
  },
  "Weather_96": {
    "MSE": 0.19149849554437726,
    "MAE": 0.25373448386170094
  },
  "Weather_192": {
    "MSE": 0.24853617204879166,
    "MAE": 0.30108874469105773
  },
  "Weather_336": {
    "MSE": 0.31352779200278946,
    "MAE": 0.3430617560117529
  },
  "Weather_720": {
    "MSE": 0.38755801292785397,
    "MAE": 0.3881052656945025
  },
  "ETTh1_avg": {
    "MSE": 0.47498361682145185,
    "MAE": 0.4762956489748984
  },
  "ETTh2_avg": {
    "MSE": 0.3798632945555209,
    "MAE": 0.41761216968371273
  },
  "ETTm1_avg": {
    "MSE": 0.5627603466852386,
    "MAE": 0.5031497010594348
  },
  "ETTm2_avg": {
    "MSE": 0.3039232102599335,
    "MAE": 0.3551205155475342
  },
  "Weather_avg": {
    "MSE": 0.2852801181309531,
    "MAE": 0.32149756256475354
  },
  "overall_avg": {
    "MSE": 0.40136211729061966,
    "MAE": 0.4147351195660667
  }
}