{
  "ETTh1_96": {
    "MSE": 0.437495162283376,
    "MAE": 0.4467644094462493
  },
  "ETTh1_192": {
    "MSE": 0.4662638294803312,
    "MAE": 0.4665386706638684
  },
  "ETTh1_336": {
    "MSE": 0.47447973630487894,
    "MAE": 0.47580701482772597
  },
  "ETTh1_720": {
    "MSE": 0.4975230392765076,
    "MAE": 0.4995044513750461
  },
  "ETTh2_96": {
    "MSE": 0.3175344013995589,
    "MAE": 0.3741084257986664
  },
  "ETTh2_192": {
    "MSE": 0.3752072480648826,
    "MAE": 0.4109267085416608
  },
  "ETTh2_336": {
    "MSE": 0.38919663225185414,
    "MAE": 0.4243072341731857
  },
  "ETTh2_720": {
    "MSE": 0.42640402687393947,
    "MAE": 0.4559297170089256
  },
  "ETTm1_96": {
    "MSE": 0.5074392464514391,
    "MAE": 0.46937337390311124
  },
  "ETTm1_192": {
    "MSE": 0.5560727000561629,
    "MAE": 0.4932091205855349
  },
  "ETTm1_336": {
    "MSE": 0.5820602453916062,
    "MAE": 0.5102579379719785
  },
  "ETTm1_720": {
    "MSE": 0.6232454784671735,
    "MAE": 0.5346947466221676
  },
  "ETTm2_96": {
    "MSE": 0.21266457577176473,
    "MAE": 0.29906173770676436
  },
  "ETTm2_192": {
    "MSE": 0.2798360542407445,
    "MAE": 0.33969480664956037
  },
  "ETTm2_336": {
    "MSE": 0.3306838425387294,
    "MAE": 0.37078421894058144
  },
  "ETTm2_720": {
    "MSE": 0.4121343527117853,
    "MAE": 0.4219055324190336
  },
  "Weather_96": {
    "MSE": 0.18943790491411985,
    "MAE": 0.251340960328445
  },
  "Weather_192": {
    "MSE": 0.24619255753154864,
    "MAE": 0.29686327629476156
  },
  "Weather_336": {
    "MSE": 0.3093416467612907,
    "MAE": 0.33956450416473544
  },
  "Weather_720": {
    "MSE": 0.38457205247238396,
    "MAE": 0.38515096836212126
  },
  "ETTh1_avg": {
    "MSE": 0.4689404418362734,
    "MAE": 0.47215363657822246
  },
  "ETTh2_avg": {
    "MSE": 0.3770855771475588,
    "MAE": 0.41631802138060964
  },
  "ETTm1_avg": {
    "MSE": 0.5672044175915955,
    "MAE": 0.501883794770698
  },
  "ETTm2_avg": {
    "MSE": 0.30882970631575596,
    "MAE": 0.357861573928985
  },
  "Weather_avg": {
    "MSE": 0.2823860404198358,
    "MAE": 0.3182299272875158
  },
  "overall_avg": {
    "MSE": 0.4008892366622039,
    "MAE": 0.41328939078920623
  }
}