{
  "ETTh1_96": {
    "MSE": 0.6325638237510272,
    "MAE": 0.5666384928727374
  },
  "ETTh1_192": {
    "MSE": 0.6230228365141228,
    "MAE": 0.5657250610292727
  },
  "ETTh1_336": {
    "MSE": 0.6157841260469769,
    "MAE": 0.5696638669727421
  },
  "ETTh1_720": {
    "MSE": 0.6639272482151708,
    "MAE": 0.6063747245035758
  },
  "ETTh2_96": {
    "MSE": 0.471155441394249,
    "MAE": 0.47772589715555425
  },
  "ETTh2_192": {
    "MSE": 0.561627909784007,
    "MAE": 0.5186300644516872
  },
  "ETTh2_336": {
    "MSE": 0.741788731905449,
    "MAE": 0.5882502270242086
  },
  "ETTh2_720": {
    "MSE": 1.0672039771476307,
    "MAE": 0.6919172182370366
  },
  "ETTm1_96": {
    "MSE": 0.7144603779219281,
    "MAE": 0.5473681087075046
  },
  "ETTm1_192": {
    "MSE": 0.721055871198903,
    "MAE": 0.5571529152711996
  },
  "ETTm1_336": {
    "MSE": 0.7331974658403116,
    "MAE": 0.5723581190846307
  },
  "ETTm1_720": {
    "MSE": 0.7645014848094908,
    "MAE": 0.5982536108328578
  },
  "ETTm2_96": {
    "MSE": 0.3514115618439127,
    "MAE": 0.39354218558106424
  },
  "ETTm2_192": {
    "MSE": 0.44054554407162877,
    "MAE": 0.44059253473703824
  },
  "ETTm2_336": {
    "MSE": 0.5966653156652261,
    "MAE": 0.5096803683477638
  },
  "ETTm2_720": {
    "MSE": 0.9839578413251978,
    "MAE": 0.6426883017652341
  },
  "Weather_96": {
    "MSE": 0.2681890301106378,
    "MAE": 0.31392759406193615
  },
  "Weather_192": {
    "MSE": 0.2900635840582895,
    "MAE": 0.3285084982394379
  },
  "Weather_336": {
    "MSE": 0.3291068085077391,
    "MAE": 0.35393909345263275
  },
  "Weather_720": {
    "MSE": 0.38472865288353564,
    "MAE": 0.3930126105210768
  },
  "ETTh1_avg": {
    "MSE": 0.6338245086318244,
    "MAE": 0.577100536344582
  },
  "ETTh2_avg": {
    "MSE": 0.7104440150578339,
    "MAE": 0.5691308517171216
  },
  "ETTm1_avg": {
    "MSE": 0.7333037999426584,
    "MAE": 0.5687831884740482
  },
  "ETTm2_avg": {
    "MSE": 0.5931450657264913,
    "MAE": 0.49662584760777506
  },
  "Weather_avg": {
    "MSE": 0.31802201889005055,
    "MAE": 0.3473469490687709
  },
  "overall_avg": {
    "MSE": 0.5977478816497717,
    "MAE": 0.5117974746424596
  }
}