{
  "ETTh1_96": {
    "MSE": 0.5482659470041534,
    "MAE": 0.4985903379445789
  },
  "ETTh1_192": {
    "MSE": 0.5506577913621583,
    "MAE": 0.5046193015595078
  },
  "ETTh1_336": {
    "MSE": 0.5468996036797246,
    "MAE": 0.5132186544826193
  },
  "ETTh1_720": {
    "MSE": 0.5727713247633197,
    "MAE": 0.5393979939125921
  },
  "ETTh2_96": {
    "MSE": 0.3702022296858375,
    "MAE": 0.4216451319425907
  },
  "ETTh2_192": {
    "MSE": 0.39766184816640326,
    "MAE": 0.4335746741730363
  },
  "ETTh2_336": {
    "MSE": 0.4081731035694505,
    "MAE": 0.4414553393903413
  },
  "ETTh2_720": {
    "MSE": 0.4363270239657919,
    "MAE": 0.4619326289414082
  },
  "ETTm1_96": {
    "MSE": 0.5740171044619354,
    "MAE": 0.49816289330167124
  },
  "ETTm1_192": {
    "MSE": 0.5976543608630357,
    "MAE": 0.5093932918033259
  },
  "ETTm1_336": {
    "MSE": 0.6298394187905209,
    "MAE": 0.5255542880400977
  },
  "ETTm1_720": {
    "MSE": 0.674519942883813,
    "MAE": 0.551225724266998
  },
  "ETTm2_96": {
    "MSE": 0.28777754857888344,
    "MAE": 0.3578025246950772
  },
  "ETTm2_192": {
    "MSE": 0.3356470882961247,
    "MAE": 0.38235750097150406
  },
  "ETTm2_336": {
    "MSE": 0.38394035586619285,
    "MAE": 0.4062825505205525
  },
  "ETTm2_720": {
    "MSE": 0.47343855470464896,
    "MAE": 0.4522172446824318
  },
  "Weather_96": {
    "MSE": 0.23703589211420234,
    "MAE": 0.29528393039317347
  },
  "Weather_192": {
    "MSE": 0.27220956643347544,
    "MAE": 0.3159751753127785
  },
  "Weather_336": {
    "MSE": 0.3142883051729547,
    "MAE": 0.34074719706905326
  },
  "Weather_720": {
    "MSE": 0.37386377001958243,
    "MAE": 0.3845107716688503
  },
  "ETTh1_avg": {
    "MSE": 0.554648666702339,
    "MAE": 0.5139565719748245
  },
  "ETTh2_avg": {
    "MSE": 0.4030910513468708,
    "MAE": 0.4396519436118441
  },
  "ETTm1_avg": {
    "MSE": 0.6190077067498262,
    "MAE": 0.5210840493530232
  },
  "ETTm2_avg": {
    "MSE": 0.37020088686146246,
    "MAE": 0.39966495521739137
  },
  "Weather_avg": {
    "MSE": 0.29934938343505374,
    "MAE": 0.33412926861096387
  },
  "overall_avg": {
    "MSE": 0.4492595390191105,
    "MAE": 0.4416973577536094
  }
}